식당명,지역명,네이버평점
제일식당,동대문구,5
바니양념통닭,동대문구,5
목포식당,동대문구,5
동원다방,동대문구,5
빈대떡왕대포,동대문구,5
또와주오 포차,동대문구,5
신화식당,동대문구,5
경류한정식,동대문구,5
휘경아뜰리에,동대문구,5
젠,동대문구,5
팔당닭발,동대문구,5
원조짜장우동,동대문구,5
우정식당,동대문구,5
자매집,동대문구,5
더블유,동대문구,5
제주식당,동대문구,5
풍천장어,동대문구,5
전주집,동대문구,5
싼타나,동대문구,5
옹달샘호프,동대문구,5
이모네포장마차,동대문구,5
고향식당,동대문구,5
석우동·우렁식당,동대문구,5
로코모,동대문구,5
오스카,동대문구,5
버담소리,동대문구,5
쉬,동대문구,5
후분포차식당,동대문구,5
오케이밥집,동대문구,5
파스타&떡볶이,동대문구,5
시티칸치킨호프,동대문구,5
고을집,동대문구,5
거송포차,동대문구,5
하늘정,동대문구,5
1971바,동대문구,5
여울목,동대문구,5
예스 투엔디,동대문구,5
웰빙호프,동대문구,5
핫스타쭈꾸미,동대문구,5
할매칼국수,동대문구,5
버거플라이,동대문구,5
코끼리비어,동대문구,5
미송닭한마리,동대문구,5
한신,동대문구,5
별이와달마차,동대문구,5
민트레빗,동대문구,5
마산집,동대문구,5
쭌이네포차,동대문구,5
또와 양꼬치 샤브샤브,동대문구,5
첨밀밀,동대문구,5
에스바,동대문구,5
슈퍼88포차,동대문구,5
꼬마꼬치,동대문구,5
새작골회관,동대문구,5
카페에이투,동대문구,5
더잇다,동대문구,5
천하식당,동대문구,5
이모네밥집,동대문구,5
써니포차,동대문구,5
스테이크포미,동대문구,5
저스트비,동대문구,5
히로식당,동대문구,5
휴카페,동대문구,5
그레이스,동대문구,5
청마루 포차,동대문구,5
고향식당,동대문구,5
쉐궈라오,동대문구,5
이문동떡볶이,동대문구,5
진이푸드,동대문구,5
달떡볶이,동대문구,5
우주닭,동대문구,5
쏘맥치기,동대문구,5
스시도모,동대문구,5
육회챱챱&딱새우,동대문구,5
뜨락,동대문구,5
보글보글,동대문구,5
김밥에빠지다,동대문구,5
마코토키친,동대문구,5
꼬불이곱창,동대문구,5
배떡,동대문구,5
도눔솔리스,동대문구,5
영웅전,동대문구,5
왕대포,동대문구,5
라라의디저트,동대문구,5
아우프글렛,동대문구,5
나누미 떡볶이,동대문구,5
곰돌이육회연어,동대문구,5
갈매동 뮤직 퍼포먼스,동대문구,5
정호프,동대문구,5
미스터보쌈앤스탠딩스테이크장안동점,동대문구,5
제주육돈가,동대문구,4.99
통나무식당,동대문구,4.96
별미감자탕,동대문구,4.95
스타삼겹살 특급한돈,동대문구,4.95
스윗오브유,동대문구,4.93
부일포차,동대문구,4.93
뵈르마지,동대문구,4.93
웍곱창,동대문구,4.92
허부자꽈배기,동대문구,4.92
베르도네,동대문구,4.92
스택레이어커피,동대문구,4.92
전농포차,동대문구,4.92
동심,동대문구,4.91
일가 면사랑,동대문구,4.91
가고파식당,동대문구,4.9
거거다황먼지,동대문구,4.9
엔토츠야,동대문구,4.9
골목스토리,동대문구,4.9
카페리예몬,동대문구,4.9
커피이야기,동대문구,4.89
자루군,동대문구,4.89
희희키친,동대문구,4.89
제일갈비등심,동대문구,4.88
새벽항구,동대문구,4.88
봉순비어,동대문구,4.88
모녀칼국수,동대문구,4.88
자연밥상,동대문구,4.88
일초닭발,동대문구,4.88
소통,동대문구,4.88
명동이발관,동대문구,4.87
사미커피,동대문구,4.87
카페트위그,동대문구,4.87
윤가네식당,동대문구,4.86
그릭데이,동대문구,4.86
메모아르,동대문구,4.86
답십리곱창,동대문구,4.85
장터순대,동대문구,4.84
바르다펫,동대문구,4.84
비바라비다,동대문구,4.84
아이지엔빙,동대문구,4.83
레이디바,동대문구,4.83
카페드림,동대문구,4.83
미밀케이크,동대문구,4.83
청춘고추,동대문구,4.83
마마포차,동대문구,4.83
신가네동춘찜닭,동대문구,4.83
1인분전문밥도둑술도둑,동대문구,4.83
버터 웨이브,동대문구,4.83
후니콩댕이콩,동대문구,4.83
메이크샐러드,동대문구,4.82
여느일,동대문구,4.82
옥이네식당,동대문구,4.82
토리후니,동대문구,4.82
요띠드,동대문구,4.82
카페 에이유,동대문구,4.82
이문일공칠인더북,동대문구,4.82
카피유즈,동대문구,4.82
코리아푸드스토리,동대문구,4.81
비에르에프리트,동대문구,4.81
이삭토스트,동대문구,4.81
밥사랑식당,동대문구,4.81
아임요거트그렐&아임유마카롱,동대문구,4.81
왕손피자,동대문구,4.81
모아분식,동대문구,4.8
시그니쳐키친,동대문구,4.8
로뎀나무카페,동대문구,4.8
전주집,동대문구,4.8
칠갑산 능이오리마을,동대문구,4.79
대성집,동대문구,4.79
봉쥬비어,동대문구,4.79
신카이,동대문구,4.79
더고집,동대문구,4.79
쿠니네 와플,동대문구,4.79
개그맨 이경래의 참숯갈비,동대문구,4.79
고마운플레이스,동대문구,4.79
북촌가는길,동대문구,4.78
오르&지드,동대문구,4.78
이문동커피집,동대문구,4.78
그라찌에,동대문구,4.78
엄마맘 약선김밥,동대문구,4.78
닛시스시,동대문구,4.78
신떡순 신천할매떡볶이,동대문구,4.78
모범떡볶이1976,동대문구,4.78
오너비,동대문구,4.78
오르앤지드,동대문구,4.78
스시카야논데,동대문구,4.77
엄마김밥,동대문구,4.77
아일랜드비,동대문구,4.77
라구퀸,동대문구,4.77
래디컬브루잉클럽,동대문구,4.77
와인처럼,동대문구,4.77
아일랜드비,동대문구,4.77
하얼빈양꼬치샤브샤브,동대문구,4.76
봄봄기사식당,동대문구,4.76
십이점오도,동대문구,4.76
매트팩토리,동대문구,4.76
삼복한방닭한마리,동대문구,4.76
코코호도,동대문구,4.76
식스센스 다이닝 바,동대문구,4.75
세진회관,동대문구,4.75
퐈이야,동대문구,4.75
바이브,동대문구,4.75
현대식당,동대문구,4.75
명물식당,동대문구,4.75
재민식당,동대문구,4.75
광주집,동대문구,4.75
한잔해,동대문구,4.75
도란도란 동대문구청구내카페,동대문구,4.75
지리산호프소주방,동대문구,4.75
오렌지치맥홀,동대문구,4.75
이가네빈대떡,동대문구,4.75
알로하올라,동대문구,4.75
유끼노하나 눈꽃빙수 & 수제디저트,동대문구,4.75
트라타,동대문구,4.75
굿모닝 카페,동대문구,4.75
미가초밥,동대문구,4.75
마노레이,동대문구,4.75
다미정,동대문구,4.75
미식본좌,동대문구,4.75
피자타임스치킨,동대문구,4.75
현대식당,동대문구,4.75
재민식당,동대문구,4.75
옛날국밥,동대문구,4.75
거복이식당,동대문구,4.74
커피마마,동대문구,4.74
카페 브레송,동대문구,4.74
역시커피,동대문구,4.74
옛날통닭,동대문구,4.74
시장족발,동대문구,4.74
황가네소문난유황오리,동대문구,4.73
천하일미,동대문구,4.73
꼬다야,동대문구,4.73
무이리꼬냉면&돈까스,동대문구,4.73
남해회바다,동대문구,4.73
삼칠공,동대문구,4.73
유앤미,동대문구,4.73
리문스테이크,동대문구,4.73
조조상회,동대문구,4.72
대복칼국수,동대문구,4.72
솔밭족발보쌈,동대문구,4.72
카페멜로우,동대문구,4.72
직화푸드,동대문구,4.72
카페유어스,동대문구,4.72
씨위드커피,동대문구,4.72
베트남 테이블,동대문구,4.72
순자카페,동대문구,4.72
동네요릿집 완미,동대문구,4.72
꼬뮨,동대문구,4.72
다곰디저트,동대문구,4.72
나폴리식당,동대문구,4.71
생도야지세상,동대문구,4.71
고모집,동대문구,4.71
영주집,동대문구,4.71
인생소곱창,동대문구,4.71
아임파이,동대문구,4.71
꽃갈피,동대문구,4.71
시골집식당,동대문구,4.71
카페5번출구,동대문구,4.71
홍루이젠,동대문구,4.71
간식창고,동대문구,4.71
판다마라,동대문구,4.71
자작나무키친,동대문구,4.71
여기야춘천닭갈비,동대문구,4.71
이문동불탄곱창,동대문구,4.71
물로,동대문구,4.71
한강호프,동대문구,4.7
끄망,동대문구,4.7
전주백반집,동대문구,4.7
간데메소주집,동대문구,4.7
옹골진치킨,동대문구,4.7
최고을,동대문구,4.7
한마당치킨호프,동대문구,4.7
꼬기한판,동대문구,4.7
컴플리트커피,동대문구,4.7
아지매식당,동대문구,4.7
남원통닭 별관,동대문구,4.7
녹원,동대문구,4.7
연어골,동대문구,4.7
멜로우,동대문구,4.7
승키친,동대문구,4.7
처음처럼,동대문구,4.7
오아시스,동대문구,4.69
서울우담냉채족발,동대문구,4.69
오뚜기식당,동대문구,4.69
감자탕과빈대떡고을,동대문구,4.69
치킨매니아,동대문구,4.69
도마,동대문구,4.69
내린천,동대문구,4.69
화야,동대문구,4.69
밥도둑 짜글짜글이,동대문구,4.69
에잇올리,동대문구,4.69
샌드로드,동대문구,4.69
미바드래프트,동대문구,4.69
열두달 케이크,동대문구,4.69
위메이드잇,동대문구,4.69
카페 레브,동대문구,4.69
커피하우스,동대문구,4.69
24시회마트,동대문구,4.68
하하분식,동대문구,4.68
카페티움,동대문구,4.68
둥구리투,동대문구,4.68
휴식상점,동대문구,4.68
새벽두시,동대문구,4.68
공차,동대문구,4.68
봉자당진아구동태찜탕,동대문구,4.68
피맥하우스,동대문구,4.68
한우리한우생고기전문점,동대문구,4.67
강촌칼국수,동대문구,4.67
락앤밤,동대문구,4.67
스마일식당,동대문구,4.67
콩닭,동대문구,4.67
개인의 취향,동대문구,4.67
카페비,동대문구,4.67
본참치,동대문구,4.67
전주외할머니댁,동대문구,4.67
아마자께,동대문구,4.67
송큰할매순대국,동대문구,4.67
커피메소드,동대문구,4.67
천주식당,동대문구,4.67
아지돈부리,동대문구,4.67
시키카츠,동대문구,4.67
미원떡볶이,동대문구,4.67
신설동 부산양곱창,동대문구,4.67
떡볶이은행,동대문구,4.67
플로랄,동대문구,4.67
카페 드넬,동대문구,4.67
헬로펠라스,동대문구,4.67
우차이,동대문구,4.67
참말로좋수닭273,동대문구,4.67
족발공간,동대문구,4.67
릴리엔,동대문구,4.67
어산,동대문구,4.67
큰손참치,동대문구,4.67
멸치국수전문점,동대문구,4.67
카페 드넬,동대문구,4.67
아워웨이브,동대문구,4.67
다손김밥,동대문구,4.66
일품돈까스,동대문구,4.66
더블유커피,동대문구,4.66
하마쌀국수,동대문구,4.66
더로스팅,동대문구,4.66
카페김랩,동대문구,4.66
카페 데미안,동대문구,4.66
고기나라 돼통령,동대문구,4.66
알촌,동대문구,4.66
더크림디저트쇼룸,동대문구,4.66
몬스터포,동대문구,4.66
실크로드,동대문구,4.65
황우곱창,동대문구,4.65
성운각,동대문구,4.65
코너샵 카페,동대문구,4.65
양쉐프즉석떡볶이,동대문구,4.65
마포숯불등심갈매기살,동대문구,4.65
가가네산꼼장어,동대문구,4.65
오꼬네,동대문구,4.65
그냥밥집,동대문구,4.65
라무진,동대문구,4.65
만나네 마라탕,동대문구,4.65
단골집,동대문구,4.65
멜팅폼,동대문구,4.65
차포차,동대문구,4.65
일곱평,동대문구,4.65
오전오후,동대문구,4.65
달콤퐁당,동대문구,4.65
정담한식당,동대문구,4.65
우더스커피바,동대문구,4.65
경성족발,동대문구,4.65
제온베이커리,동대문구,4.65
스마일밀,동대문구,4.65
신설홍어회집,동대문구,4.64
이문닭발,동대문구,4.64
오딧세이,동대문구,4.64
인생극장,동대문구,4.64
선길,동대문구,4.64
도원,동대문구,4.64
호운래반점,동대문구,4.64
물고기,동대문구,4.64
블링블링밀크티,동대문구,4.64
골목길빵공작소,동대문구,4.64
헝그리브라더스,동대문구,4.64
톤톤,동대문구,4.64
카페슬로우봉봉,동대문구,4.64
수야세꼬시앤막회,동대문구,4.64
자담치킨,동대문구,4.64
하우드,동대문구,4.64
부어치킨,동대문구,4.63
마라톤집,동대문구,4.63
코코치킨,동대문구,4.63
꼬꼬댁,동대문구,4.63
치킨앤칩스,동대문구,4.63
청정생고기,동대문구,4.63
이삭토스트,동대문구,4.63
곱창마을,동대문구,4.63
일본식오뎅집,동대문구,4.63
코코니주방,동대문구,4.63
나포리 커피숍,동대문구,4.63
주영이네실내포차,동대문구,4.63
2카페,동대문구,4.63
경동포차,동대문구,4.63
스마일머그커피,동대문구,4.63
오관스시,동대문구,4.63
공감과 소통,동대문구,4.63
주연네연탄곱창,동대문구,4.63
경희회관,동대문구,4.63
골목족발,동대문구,4.63
밥이야기,동대문구,4.63
세계맥주창고,동대문구,4.63
현대다방,동대문구,4.63
곱창인생,동대문구,4.63
빅,동대문구,4.63
이문바,동대문구,4.63
사소한,동대문구,4.63
헤이피,동대문구,4.63
지코바,동대문구,4.63
타오타이랑,동대문구,4.63
꼬꼬누리,동대문구,4.63
전현필식당,동대문구,4.63
랭스터디카페,동대문구,4.63
그림제과,동대문구,4.63
샌드백,동대문구,4.63
꼬꼬방집으로삼겹,동대문구,4.63
카페 전농주택,동대문구,4.63
삼형제 김밥,동대문구,4.63
오가네주먹고기,동대문구,4.62
대청마루,동대문구,4.62
만원의행복,동대문구,4.62
송가네,동대문구,4.62
제이비파스타,동대문구,4.62
이디야커피,동대문구,4.62
피자웍스,동대문구,4.62
통칼생고기칼집구이,동대문구,4.62
스시지,동대문구,4.62
한시십일분,동대문구,4.62
따띠삼겹,동대문구,4.62
카페클로버,동대문구,4.62
대경양꼬치,동대문구,4.62
스파지오,동대문구,4.62
카페 오롯이,동대문구,4.62
베이크잍,동대문구,4.62
원조족발보쌈,동대문구,4.61
서울감자탕,동대문구,4.61
구가설렁탕,동대문구,4.61
장군뿔따구,동대문구,4.61
순수치킨,동대문구,4.61
주다냉면,동대문구,4.61
별난주점,동대문구,4.61
르안타이,동대문구,4.61
언니네함바그,동대문구,4.61
빅문,동대문구,4.61
밥은화,동대문구,4.61
모스플레이스,동대문구,4.61
무화,동대문구,4.61
허브영양족발,동대문구,4.6
동해루,동대문구,4.6
이모네식당,동대문구,4.6
닭한마리 호정,동대문구,4.6
이화정식당,동대문구,4.6
주수사,동대문구,4.6
해마루,동대문구,4.6
안동장,동대문구,4.6
해뜰날,동대문구,4.6
달콩,동대문구,4.6
전주분식,동대문구,4.6
카페어반테라스,동대문구,4.6
글라라스푼,동대문구,4.6
다미가한방카페,동대문구,4.6
땡스컵밥,동대문구,4.6
봄솔레씨네,동대문구,4.6
비앙꾸 베이커리,동대문구,4.6
더크림,동대문구,4.6
카페코니니,동대문구,4.6
솥뚜껑삼겹살집,동대문구,4.6
탕비실,동대문구,4.6
한톨,동대문구,4.6
카페천국,동대문구,4.6
와플대학,동대문구,4.6
직화대장,동대문구,4.6
땅땅치킨,동대문구,4.6
유씨커피,동대문구,4.6
자매식당,동대문구,4.6
비나레스토랑,동대문구,4.59
북경양꼬치샤브샤브집,동대문구,4.59
오뚜기부대찌개,동대문구,4.59
와와닭발,동대문구,4.59
카페온,동대문구,4.59
해송,동대문구,4.59
천궁,동대문구,4.59
백고기,동대문구,4.59
닛시스시,동대문구,4.59
이삭토스트,동대문구,4.59
예향칼국수,동대문구,4.59
커피프로젝트,동대문구,4.59
수퍼보울,동대문구,4.59
장안양육관,동대문구,4.59
스시긴,동대문구,4.59
장안함박,동대문구,4.59
시카고커리,동대문구,4.59
경동한우곱창,동대문구,4.59
키라쿠,동대문구,4.59
와와통닭,동대문구,4.59
하비순살떡볶이,동대문구,4.59
더카페,동대문구,4.59
두레박,동대문구,4.58
옛날할머니보쌈,동대문구,4.58
밥한술,동대문구,4.58
대박소곱창,동대문구,4.58
장안회관,동대문구,4.58
옛날소금구이,동대문구,4.58
에스디치킨,동대문구,4.58
취중진닭,동대문구,4.58
오광수산,동대문구,4.58
레알라면,동대문구,4.58
꾼들이 꾸운 누룽지통닭,동대문구,4.58
향,동대문구,4.58
치맥파이브,동대문구,4.58
신용두동쭈꾸미,동대문구,4.58
언니네함바그,동대문구,4.58
낭만돼지곱창,동대문구,4.58
큰집닭강정,동대문구,4.58
특별식당,동대문구,4.58
경성고기꾼,동대문구,4.58
라운드어바웃커피,동대문구,4.58
비하인드미,동대문구,4.58
부스브리또,동대문구,4.58
파치,동대문구,4.58
카페 안,동대문구,4.58
싸가지,동대문구,4.58
카페오플러스,동대문구,4.58
전농관카페,동대문구,4.58
모서리,동대문구,4.58
별파스타,동대문구,4.58
할머니보쌈,동대문구,4.58
사우나 멘동,동대문구,4.58
굿샌드 샌드위치&샐러드,동대문구,4.58
"유초밥, 돈까스",동대문구,4.58
프리카페,동대문구,4.58
목꾸안,동대문구,4.58
빵명장,동대문구,4.58
서울마님죽,동대문구,4.58
지영식당,동대문구,4.57
꽃세겹살,동대문구,4.57
장안동100근집,동대문구,4.57
이삭토스트,동대문구,4.57
술이야,동대문구,4.57
대가참치,동대문구,4.57
빈대떡신사,동대문구,4.57
유명 닭한마리 칼국수,동대문구,4.57
이문왕곱창,동대문구,4.57
스시바다,동대문구,4.57
참치군,동대문구,4.57
커피빈,동대문구,4.57
용두동홍가네,동대문구,4.57
쿠마키친,동대문구,4.57
스시고이,동대문구,4.57
푸드김밥,동대문구,4.57
불난철판,동대문구,4.57
숯불꼼닭발,동대문구,4.57
이삭토스트,동대문구,4.57
백씨네콩다방,동대문구,4.57
자담치킨,동대문구,4.57
식빵,동대문구,4.57
은화수식당,동대문구,4.57
마치,동대문구,4.57
마루한,동대문구,4.57
에그셀런트,동대문구,4.57
써니사이드커피,동대문구,4.57
멜로우시티,동대문구,4.57
만리향,동대문구,4.56
태백숯불갈비,동대문구,4.56
정원갈매기살,동대문구,4.56
유황오리구이전문점,동대문구,4.56
보신옥,동대문구,4.56
고향마을갈비,동대문구,4.56
토담마을,동대문구,4.56
네네치킨,동대문구,4.56
빈이네 곱창,동대문구,4.56
베리베리,동대문구,4.56
피자스쿨,동대문구,4.56
고향집,동대문구,4.56
치보,동대문구,4.56
또박이떡볶이,동대문구,4.56
비비비 브루잉,동대문구,4.56
스시선생,동대문구,4.56
포트오브모카,동대문구,4.56
커리146,동대문구,4.56
브라운팰리스커피숍,동대문구,4.56
불꽃냉면칼국수,동대문구,4.56
커피앤톡,동대문구,4.56
서울쉬퐁,동대문구,4.56
커피볶는성군,동대문구,4.56
고흥식당,동대문구,4.56
고미소곱창,동대문구,4.56
아빠맘푸드,동대문구,4.56
꼬지사께,동대문구,4.56
시장포차호프,동대문구,4.56
더치앤빈,동대문구,4.56
카페37.5,동대문구,4.56
남수,동대문구,4.56
두꺼비 떡볶이,동대문구,4.56
곱분이곱창,동대문구,4.56
경양카츠,동대문구,4.56
알찬떡볶이,동대문구,4.56
메리버터,동대문구,4.56
한우리한방민물장어생삼겹,동대문구,4.55
칠락집,동대문구,4.55
탐스,동대문구,4.55
진미식당,동대문구,4.55
운주,동대문구,4.55
이문시장,동대문구,4.55
멍군집,동대문구,4.55
구공탄뽈따구,동대문구,4.55
챔피언,동대문구,4.55
피자파자,동대문구,4.55
이삭토스트,동대문구,4.55
먹거리,동대문구,4.55
미남참치,동대문구,4.55
이모네국수김밥,동대문구,4.55
돈주네,동대문구,4.55
혼마참치,동대문구,4.55
주커피,동대문구,4.55
커피나인,동대문구,4.55
퍼블릭 하우스,동대문구,4.55
텐,동대문구,4.55
카페 레옹,동대문구,4.55
대한닭발 1979,동대문구,4.55
카페제이더블유앤샤브,동대문구,4.55
속초코다리,동대문구,4.55
아경면선,동대문구,4.55
59쌀피자,동대문구,4.55
경희대학교간호이과대카페,동대문구,4.55
봉봉토스트,동대문구,4.55
아라기,동대문구,4.55
오앤디,동대문구,4.55
조선닭갈비파전,동대문구,4.55
청량반점,동대문구,4.55
오소록,동대문구,4.55
보스코 젤라또,동대문구,4.55
화성옥갈비생갈비,동대문구,4.54
1988,동대문구,4.54
39돈가스,동대문구,4.54
동아식당,동대문구,4.54
수목원맛쌈밥,동대문구,4.54
곱창만20년,동대문구,4.54
엄나무집,동대문구,4.54
한지창에고인달빛,동대문구,4.54
교촌치킨,동대문구,4.54
정원돌솥밥,동대문구,4.54
동해관,동대문구,4.54
옛맛수제피순대,동대문구,4.54
팔레트,동대문구,4.54
부부바지락손칼국수,동대문구,4.54
이상준초밥,동대문구,4.54
킹스비어,동대문구,4.54
열정쭈꾸미,동대문구,4.54
브라운팩토리,동대문구,4.54
카페가성비,동대문구,4.54
타마르커피,동대문구,4.54
동네책방,동대문구,4.54
수피자,동대문구,4.54
청량회관,동대문구,4.54
더하루,동대문구,4.54
회기버거,동대문구,4.54
킹마라훠궈,동대문구,4.54
오늘따라 마카롱,동대문구,4.54
히포케이크,동대문구,4.54
카페 온오프,동대문구,4.54
부엉이곱창,동대문구,4.54
억마니,동대문구,4.54
크로네베이커리,동대문구,4.53
신꼬끼오,동대문구,4.53
낭풍,동대문구,4.53
안가네한방닭오리삼계탕,동대문구,4.53
투다리,동대문구,4.53
밥사랑,동대문구,4.53
외대감자탕,동대문구,4.53
지정환피자,동대문구,4.53
처갓집양념치킨,동대문구,4.53
아이러브케익,동대문구,4.53
커피포레스트,동대문구,4.53
빵장수단팥빵,동대문구,4.53
신화쭈꾸미,동대문구,4.53
맛닭꼬,동대문구,4.53
이야기카페,동대문구,4.53
신과함께국물떡볶이,동대문구,4.53
카페반창고,동대문구,4.53
마시그래이,동대문구,4.53
와레와레쿡,동대문구,4.53
크치치킨,동대문구,4.53
콘반,동대문구,4.53
커핑플로우,동대문구,4.53
정편백,동대문구,4.53
이츠이츠 베트남커피,동대문구,4.53
호식이두마리치킨,동대문구,4.53
호세야오리바베큐,동대문구,4.53
카페7773,동대문구,4.53
사미반점,동대문구,4.53
처갓집양념치킨,동대문구,4.53
면곡당,동대문구,4.53
네네치킨,동대문구,4.52
금정분식,동대문구,4.52
진미해물칼국수,동대문구,4.52
우성식당,동대문구,4.52
선일해장국,동대문구,4.52
커피빈,동대문구,4.52
교촌치킨,동대문구,4.52
굽네치킨,동대문구,4.52
한우마을,동대문구,4.52
카빙당,동대문구,4.52
커피디엔에이,동대문구,4.52
더빙스커피,동대문구,4.52
수상한막창,동대문구,4.52
브루클린 커피,동대문구,4.52
마늘떡볶이,동대문구,4.52
왼손우동짜장탕수육,동대문구,4.52
커피마마,동대문구,4.52
카페시그널,동대문구,4.52
할머니보쌈,동대문구,4.52
스마일 명품찹쌀꽈배기,동대문구,4.52
맵당,동대문구,4.52
카페달토끼,동대문구,4.52
오동술,동대문구,4.52
19고깃집,동대문구,4.52
백반집,동대문구,4.52
처갓집양념치킨,동대문구,4.52
라이크라떼,동대문구,4.52
보그너커피,동대문구,4.52
행컵,동대문구,4.52
신남원추어탕,동대문구,4.51
비비큐,동대문구,4.51
마포생주먹고기,동대문구,4.51
불타는왕십리,동대문구,4.51
굿아임찜닭,동대문구,4.51
개코먹태치킨,동대문구,4.51
피자스쿨,동대문구,4.51
남원추어탕,동대문구,4.51
봉순이네보쌈감자탕,동대문구,4.51
히요꼬의주먹밥집,동대문구,4.51
파리바게뜨,동대문구,4.51
카페115번지,동대문구,4.51
벌떡,동대문구,4.51
씹는곱창,동대문구,4.51
장안뷔페,동대문구,4.51
멜로우시티,동대문구,4.51
엉뚱식당,동대문구,4.51
피자메이트,동대문구,4.51
레오펍,동대문구,4.51
루데카,동대문구,4.51
본노엘,동대문구,4.51
교촌치킨,동대문구,4.51
철계단집,동대문구,4.51
이문동 그집,동대문구,4.51
답구정동,동대문구,4.51
국수천천히,동대문구,4.51
명가옛날통닭,동대문구,4.51
치킨의민족,동대문구,4.51
행복한식탁,동대문구,4.51
일미리금계찜닭,동대문구,4.51
계몽시대,동대문구,4.51
뜰아래,동대문구,4.51
교촌치킨,동대문구,4.51
파리바게뜨,동대문구,4.51
을목호프,동대문구,4.5
풍물칼국수,동대문구,4.5
이녁식당,동대문구,4.5
회뜰날,동대문구,4.5
다사랑호프마을,동대문구,4.5
세도락,동대문구,4.5
윤포차,동대문구,4.5
인연,동대문구,4.5
깜닭치킨,동대문구,4.5
여수돌산굴집,동대문구,4.5
강촌칼국수,동대문구,4.5
우리집본가고추장불백,동대문구,4.5
파파준피자,동대문구,4.5
둘둘치킨,동대문구,4.5
만남호프,동대문구,4.5
대호호프앤커피,동대문구,4.5
본가 할머니보쌈,동대문구,4.5
대영식당,동대문구,4.5
문스시,동대문구,4.5
양가네분식,동대문구,4.5
선자네식당,동대문구,4.5
규범곱창,동대문구,4.5
태경김밥마을,동대문구,4.5
중앙,동대문구,4.5
곱창이랑골뱅이랑,동대문구,4.5
가비니아,동대문구,4.5
쪼끼쪼끼,동대문구,4.5
뚱이식당,동대문구,4.5
서초곱창,동대문구,4.5
아인스,동대문구,4.5
하우스치킨,동대문구,4.5
자매랑아찌랑,동대문구,4.5
카페 비반트,동대문구,4.5
큰엄마네,동대문구,4.5
북촌손만두,동대문구,4.5
그랑프리빵,동대문구,4.5
회기 돌 곱창,동대문구,4.5
수리수리포차,동대문구,4.5
시민곱창,동대문구,4.5
또바기 치킨,동대문구,4.5
에스칠공팔공,동대문구,4.5
정성식당,동대문구,4.5
청계분식,동대문구,4.5
친친,동대문구,4.5
우리동네연탄구이,동대문구,4.5
쌈짓돈생삼겹,동대문구,4.5
스타벅스,동대문구,4.5
위너 바,동대문구,4.5
현주네,동대문구,4.5
베브릿지,동대문구,4.5
5로브즈,동대문구,4.5
이디야커피,동대문구,4.5
성은,동대문구,4.5
정다운포차,동대문구,4.5
제제커피,동대문구,4.5
장안생소금구이,동대문구,4.5
오복식당,동대문구,4.5
후루사토,동대문구,4.5
씨와이포차,동대문구,4.5
더드림순대국,동대문구,4.5
이디야커피,동대문구,4.5
승낭분식,동대문구,4.5
서대문꼼장어,동대문구,4.5
굿갓,동대문구,4.5
복구기,동대문구,4.5
강금옥쭈꾸미,동대문구,4.5
커피블랑,동대문구,4.5
커피하우스,동대문구,4.5
토마토피자,동대문구,4.5
라크리아커피,동대문구,4.5
애즈유주얼,동대문구,4.5
두레박,동대문구,4.5
촨커,동대문구,4.5
끌텅,동대문구,4.5
레이크 라떼,동대문구,4.5
엉클하우스,동대문구,4.5
소림마라,동대문구,4.5
수제김밥,동대문구,4.5
피굽남피자,동대문구,4.5
카페엔에스더블유,동대문구,4.5
한상차림 코다리명가,동대문구,4.5
응급실국물떡볶이,동대문구,4.5
영암포차,동대문구,4.5
신가네닭발,동대문구,4.5
디브이카페,동대문구,4.5
푸라닭,동대문구,4.5
알리바바커피,동대문구,4.5
찐 참다랑어 참치상회,동대문구,4.5
노다지,동대문구,4.49
안씨네원조쭈꾸미,동대문구,4.49
하오하오,동대문구,4.49
독,동대문구,4.49
59쌀피자,동대문구,4.49
매우당,동대문구,4.49
돼지국밥,동대문구,4.49
추억의연탄구이,동대문구,4.49
노가리이야기,동대문구,4.49
뚝배기감자탕,동대문구,4.49
학산식당,동대문구,4.49
손문대구막창갈매기살,동대문구,4.49
왕십리곱창골,동대문구,4.49
박가족발,동대문구,4.49
돈사돈,동대문구,4.49
베브릿지,동대문구,4.49
국시랑,동대문구,4.49
포컵스,동대문구,4.49
너디블루,동대문구,4.49
파델라,동대문구,4.49
연희김밥,동대문구,4.49
하카타,동대문구,4.49
미식회,동대문구,4.49
마살라키친,동대문구,4.49
놀부부대찌개,동대문구,4.49
왕족,동대문구,4.49
컴투레스트,동대문구,4.49
스시코야,동대문구,4.49
골목막창,동대문구,4.49
카페나이야가라,동대문구,4.49
베쌀집&샤브샤브,동대문구,4.49
이디야커피,동대문구,4.49
소예다방,동대문구,4.49
전농초밥,동대문구,4.49
독,동대문구,4.49
스타벅스,동대문구,4.49
스타벅스,동대문구,4.49
가정집 삼계탕,동대문구,4.48
직앤쿡,동대문구,4.48
은하곱창,동대문구,4.48
카커두둘,동대문구,4.48
라황상마라탕,동대문구,4.48
제비민속손국시,동대문구,4.48
전주식당,동대문구,4.48
우일식당,동대문구,4.48
청우식당,동대문구,4.48
명진관,동대문구,4.48
한옥정,동대문구,4.48
호남웰빙유황오리,동대문구,4.48
용용이네식당,동대문구,4.48
참숯민물장어구이,동대문구,4.48
꽃술,동대문구,4.48
이디야커피,동대문구,4.48
통큰짬뽕,동대문구,4.48
허브족발,동대문구,4.48
이디야커피,동대문구,4.48
꿀꿀이닭갈비,동대문구,4.48
엘가커피,동대문구,4.48
대가숯불갈비,동대문구,4.48
왕십리곱창,동대문구,4.48
꼬치앤술,동대문구,4.48
김밥전문공간얌얌,동대문구,4.48
티그라운드카페,동대문구,4.48
노가리연가,동대문구,4.48
식생원,동대문구,4.48
로이앤벨라,동대문구,4.48
고깃집도훈,동대문구,4.48
카페제니스,동대문구,4.48
만랩커피,동대문구,4.48
커피빈,동대문구,4.48
칸틴커피,동대문구,4.48
중화식탁,동대문구,4.48
용두상사,동대문구,4.48
커피굽는라이,동대문구,4.48
긴카오,동대문구,4.48
삼시세끼한식뷔페,동대문구,4.48
호식이두마리치킨,동대문구,4.48
쵸스시,동대문구,4.48
봉명동내커피,동대문구,4.48
그라찌에,동대문구,4.48
만두여기요,동대문구,4.48
압구정포장마차,동대문구,4.47
돈태자수제돈까스,동대문구,4.47
갈풍집,동대문구,4.47
반지하돈부리,동대문구,4.47
이프로의도시어부,동대문구,4.47
설빙,동대문구,4.47
힘찬갯벌낙지,동대문구,4.47
마포형제주먹고기,동대문구,4.47
허수아비,동대문구,4.47
봉평골,동대문구,4.47
칠기마라샹궈마라탕,동대문구,4.47
맛이랑정이랑,동대문구,4.47
일광 쪽갈비,동대문구,4.47
"용두동동태탕,동태찜",동대문구,4.47
어수정부대찌개,동대문구,4.47
밥타운,동대문구,4.47
양대창구이전문점,동대문구,4.47
동해수산,동대문구,4.47
풍년해물탕,동대문구,4.47
이도감식당,동대문구,4.47
아욱꽃,동대문구,4.47
오뚝식당,동대문구,4.47
꼬부기거북곱창,동대문구,4.47
옥천옥,동대문구,4.47
독도게찜,동대문구,4.47
가정식식당,동대문구,4.47
이상한 떡볶이집,동대문구,4.47
고수찜닭,동대문구,4.47
스무디킹,동대문구,4.47
홍곱창,동대문구,4.47
홍두깨칼국수,동대문구,4.47
플렉스빌,동대문구,4.47
배트콩,동대문구,4.47
화로촌,동대문구,4.47
커핀그루나루 퍼플멤버스,동대문구,4.47
호식이두마리치킨,동대문구,4.47
오뚜기왕돈까스,동대문구,4.47
동대문닭한마리,동대문구,4.47
리드스트리트 커피,동대문구,4.47
박원기설렁탕,동대문구,4.47
라운드커피,동대문구,4.47
이디야커피,동대문구,4.47
더치앤빈,동대문구,4.47
청춘포차,동대문구,4.47
장평칼국수,동대문구,4.47
메이크데이,동대문구,4.47
도톰,동대문구,4.47
바다왕국아구찜&해물찜,동대문구,4.47
푸라닭,동대문구,4.47
파스타입니다,동대문구,4.47
한잔바다회,동대문구,4.47
베이크하우스,동대문구,4.47
스타벅스,동대문구,4.47
전주식당,동대문구,4.47
도미노피자,동대문구,4.47
오돌이,동대문구,4.46
아리랑동가스,동대문구,4.46
닭한마리오리한마리,동대문구,4.46
더치앤빈,동대문구,4.46
호매호,동대문구,4.46
육회지존앤파전,동대문구,4.46
명성순대국,동대문구,4.46
선정숯불생고기,동대문구,4.46
79번지국수집,동대문구,4.46
장원닭한마리,동대문구,4.46
병천가마솥순대국,동대문구,4.46
솥뚜껑철판파전,동대문구,4.46
형제집,동대문구,4.46
또봉이통닭,동대문구,4.46
임오네쭈꾸미,동대문구,4.46
인우초밥,동대문구,4.46
불광보신탕,동대문구,4.46
시장숯불갈비,동대문구,4.46
전농 빈대떡,동대문구,4.46
백수상회,동대문구,4.46
에이셉피자,동대문구,4.46
동마곱창집,동대문구,4.46
카페이너프,동대문구,4.46
수빈마마,동대문구,4.46
원조보신탕,동대문구,4.46
달빛오징어광어,동대문구,4.46
아티제,동대문구,4.46
설빙,동대문구,4.46
신설동사람들,동대문구,4.46
마포연탄불갈비,동대문구,4.46
피자알볼로,동대문구,4.46
삼촌네춘천닭갈비,동대문구,4.46
고씨네,동대문구,4.46
떼루와,동대문구,4.46
차칸스시,동대문구,4.46
이모네설렁탕,동대문구,4.46
소문난 의정부부대찌개,동대문구,4.46
스타벅스,동대문구,4.46
신의주부대찌개,동대문구,4.46
세븐틴(17),동대문구,4.46
새벽김밥,동대문구,4.46
명가통닭,동대문구,4.46
카페파인,동대문구,4.46
백미향마라탕,동대문구,4.46
엄마손돼지불백,동대문구,4.46
로뎀나무,동대문구,4.46
토핑의신,동대문구,4.46
고소운,동대문구,4.46
현덕육회,동대문구,4.46
벨템포,동대문구,4.46
각자의연유,동대문구,4.46
라이아,동대문구,4.46
스타벅스,동대문구,4.46
요고요고,동대문구,4.46
커피온리,동대문구,4.46
스타벅스,동대문구,4.46
심양,동대문구,4.46
달래진족,동대문구,4.45
보성장,동대문구,4.45
그남자의 돼지갈비,동대문구,4.45
칠칠켄터키,동대문구,4.45
등촌샤브칼국수,동대문구,4.45
도란도란곱창,동대문구,4.45
한양유황오리,동대문구,4.45
킹수제만두,동대문구,4.45
해성닭한마리,동대문구,4.45
광주식당감자탕,동대문구,4.45
샤로스톤,동대문구,4.45
화덕고,동대문구,4.45
푸른하늘,동대문구,4.45
시니혀니비어,동대문구,4.45
공원분식포차,동대문구,4.45
마약고기,동대문구,4.45
띵하우,동대문구,4.45
채원샤브수끼,동대문구,4.45
도니족발,동대문구,4.45
봉추찜닭,동대문구,4.45
깜닭치킨,동대문구,4.45
목포홍탁,동대문구,4.45
장터목,동대문구,4.45
통통구이,동대문구,4.45
호박웰빙숯불갈비,동대문구,4.45
정통삼계탕,동대문구,4.45
마구로준,동대문구,4.45
어흥식당 타이거키친,동대문구,4.45
한신포차,동대문구,4.45
진미촌,동대문구,4.45
오가네김밥나라,동대문구,4.45
뽀르뚜아,동대문구,4.45
경호야,동대문구,4.45
팬더리아,동대문구,4.45
세컨스텝,동대문구,4.45
두꺼비포차1924,동대문구,4.45
일층집,동대문구,4.45
서울뼈구이매운족발,동대문구,4.45
마장한우소머리국밥,동대문구,4.45
인천식당,동대문구,4.45
신전떡볶이,동대문구,4.45
바푸리,동대문구,4.45
스타벅스,동대문구,4.45
9카페,동대문구,4.45
커피디셈버,동대문구,4.45
리김밥,동대문구,4.45
파파존스피자,동대문구,4.45
황금족발,동대문구,4.45
명동바지락칼국수,동대문구,4.45
장호덕손만두,동대문구,4.45
그옛날1947왕만두,동대문구,4.45
베브릿지,동대문구,4.45
민수정육식당,동대문구,4.45
운치,동대문구,4.45
마라우육면,동대문구,4.45
푸라닭,동대문구,4.45
일도숯불삼겹,동대문구,4.45
커피이야기 헬로웨일,동대문구,4.45
레드인,동대문구,4.45
한결든든,동대문구,4.45
라온식품,동대문구,4.45
파스타입니다,동대문구,4.45
리향,동대문구,4.45
레디쿡,동대문구,4.45
이모네포차,동대문구,4.45
육전식당,동대문구,4.44
리진,동대문구,4.44
영화루,동대문구,4.44
엉클정부대찌개,동대문구,4.44
우리집한상,동대문구,4.44
샤브샤브홍학식당,동대문구,4.44
도읍지,동대문구,4.44
행복한한끼,동대문구,4.44
청운,동대문구,4.44
별이 빛나는 항구,동대문구,4.44
명인만두,동대문구,4.44
자연담은화로,동대문구,4.44
병천아우내장터순대,동대문구,4.44
한량,동대문구,4.44
백수씨심야식당,동대문구,4.44
형고깃집,동대문구,4.44
삼순이시골감자탕,동대문구,4.44
유미찌개마당,동대문구,4.44
경희쌈밥,동대문구,4.44
전국통일닭발,동대문구,4.44
청정수산,동대문구,4.44
더비어,동대문구,4.44
레드팡과자점,동대문구,4.44
개성칡냉면,동대문구,4.44
나정순할매쭈꾸미,동대문구,4.44
불타는곱창,동대문구,4.44
브라운돈까스,동대문구,4.44
고래돈가스,동대문구,4.44
제기동할매소허파전골,동대문구,4.44
영미네곱창전골,동대문구,4.44
땡초곱창,동대문구,4.44
정성을담은가게,동대문구,4.44
옛고을빈대떡,동대문구,4.44
해동반점,동대문구,4.44
개성칡냉면,동대문구,4.44
오떡,동대문구,4.44
장안국수와 빈대떡,동대문구,4.44
전농숯불돼지갈비,동대문구,4.44
태성정,동대문구,4.44
누나네숯불구이,동대문구,4.44
연안식당,동대문구,4.44
피자알볼로,동대문구,4.44
공차,동대문구,4.44
홍가네식당,동대문구,4.44
본도시락,동대문구,4.44
설빙,동대문구,4.44
정대감감자탕,동대문구,4.44
카레집,동대문구,4.44
다채,동대문구,4.44
승승멸치국수,동대문구,4.44
명가네콩나물국밥,동대문구,4.44
위대한족보,동대문구,4.44
망우로30,동대문구,4.44
부오상회,동대문구,4.44
진키친,동대문구,4.44
영동교집,동대문구,4.44
키친요로시쿠,동대문구,4.44
히포크라테스 스프,동대문구,4.44
마라천국,동대문구,4.44
오티알,동대문구,4.44
상진푸드,동대문구,4.44
행님디저트카페,동대문구,4.44
제주은희네해장국,동대문구,4.44
피자파는집,동대문구,4.44
엄마의덮밥,동대문구,4.44
수내닭꼬치,동대문구,4.44
밥꼬찜닭,동대문구,4.44
이디야커피,동대문구,4.44
진아분식,동대문구,4.44
북촌손만두,동대문구,4.44
스타벅스,동대문구,4.44
흥부골숯불갈비,동대문구,4.43
썬더치킨,동대문구,4.43
고흥쭈꾸미,동대문구,4.43
돌솥밥기사식당,동대문구,4.43
진달래식당,동대문구,4.43
깐띤,동대문구,4.43
꽃세겹살,동대문구,4.43
뉴델리,동대문구,4.43
투썸플레이스,동대문구,4.43
대감댁뼈다귀감자탕,동대문구,4.43
장군네식당,동대문구,4.43
신사호프,동대문구,4.43
88부대찌개,동대문구,4.43
고기야 미안해,동대문구,4.43
원조왕십리순대국,동대문구,4.43
이오 바지락칼국수,동대문구,4.43
카페아이,동대문구,4.43
레인보우,동대문구,4.43
파리바게뜨,동대문구,4.43
그래인스쿠키,동대문구,4.43
남원추어탕 다두락,동대문구,4.43
커피하이,동대문구,4.43
파리바게뜨,동대문구,4.43
카페 엔드롱,동대문구,4.43
알래스카에서 온 연어가 맛있는 집,동대문구,4.43
히노아지,동대문구,4.43
맥도날드,동대문구,4.43
우리식당,동대문구,4.43
올드크래프트하우스,동대문구,4.43
주향포차,동대문구,4.43
이디야커피,동대문구,4.43
신락원,동대문구,4.43
이모네왕김밥,동대문구,4.43
육회앤연어,동대문구,4.43
신참떡볶이,동대문구,4.43
인정국물떡볶이,동대문구,4.43
오레노도쿄,동대문구,4.43
카페양귀비,동대문구,4.43
닥터찬의찌개백반,동대문구,4.43
신라방마라탕,동대문구,4.43
신설동 그집돼지,동대문구,4.43
도노커피,동대문구,4.43
큰집닭강정,동대문구,4.43
"피겨, 그라운드",동대문구,4.43
푸라닭,동대문구,4.43
달셰프,동대문구,4.43
뉴델리,동대문구,4.43
무한리필고기굼터,동대문구,4.42
노바 이탈리아노,동대문구,4.42
원성집,동대문구,4.42
마포숯불갈비,동대문구,4.42
오리명가,동대문구,4.42
진미생맥주,동대문구,4.42
홍도야빈대떡,동대문구,4.42
장수회관,동대문구,4.42
도모다찌,동대문구,4.42
명성오리닭한마리,동대문구,4.42
일번지정육식당,동대문구,4.42
블루호프,동대문구,4.42
참치뱅크,동대문구,4.42
최원석의돼지한판&서해쭈꾸미,동대문구,4.42
시골보리밥,동대문구,4.42
오늘은해물찜 손칼국수,동대문구,4.42
파리바게뜨,동대문구,4.42
양님이네,동대문구,4.42
현고대닭발,동대문구,4.42
하림성,동대문구,4.42
본죽,동대문구,4.42
김밥칡냉면,동대문구,4.42
신원오리,동대문구,4.42
주왕족발,동대문구,4.42
까치호프,동대문구,4.42
손문대구막창,동대문구,4.42
더스토리바,동대문구,4.42
본가칼국수,동대문구,4.42
팔삼,동대문구,4.42
석우동,동대문구,4.42
돈카츠앤우동돼랑이우랑이,동대문구,4.42
뽕뜨락피자,동대문구,4.42
본죽,동대문구,4.42
커피볶는집허슬블렌딩,동대문구,4.42
브레드스토리,동대문구,4.42
장군집,동대문구,4.42
도꼬마리,동대문구,4.42
청량리경양식,동대문구,4.42
맘스터치,동대문구,4.42
우리칼국수,동대문구,4.42
삼미식당,동대문구,4.42
팔팔껍데기,동대문구,4.42
까로치아,동대문구,4.42
동대문수제비,동대문구,4.42
서선생묵은지,동대문구,4.42
제니스커피,동대문구,4.42
반해버린 족발,동대문구,4.42
스마일꽈배기,동대문구,4.42
꼴목,동대문구,4.42
처갓집양념치킨,동대문구,4.42
더벤티,동대문구,4.42
당신은지금치킨이땡긴다,동대문구,4.42
자담치킨,동대문구,4.42
하주네,동대문구,4.42
코리엔탈깻잎두마리치킨,동대문구,4.42
세일커피,동대문구,4.42
동의보쌈칼국수냉면,동대문구,4.41
투다리,동대문구,4.41
홍반장,동대문구,4.41
제주흙돼지알토란쌈밥,동대문구,4.41
명품중화요리,동대문구,4.41
육전식당,동대문구,4.41
금족,동대문구,4.41
역전숯불치킨,동대문구,4.41
옛날짜장,동대문구,4.41
전농곱창싱,동대문구,4.41
미스터피자,동대문구,4.41
마루기,동대문구,4.41
생생볼태기,동대문구,4.41
본도시락,동대문구,4.41
서산간장게장,동대문구,4.41
꽃닭애,동대문구,4.41
불타는맛곱창,동대문구,4.41
곱분이곱창,동대문구,4.41
복래네부대찌개,동대문구,4.41
카리스,동대문구,4.41
다해식당,동대문구,4.41
청량리함흥냉면,동대문구,4.41
장안영양탕,동대문구,4.41
국수사랑,동대문구,4.41
요거프레소,동대문구,4.41
먹꺼리재석이네야식,동대문구,4.41
빈칸,동대문구,4.41
키페슈몽,동대문구,4.41
이디야커피,동대문구,4.41
고씨네,동대문구,4.41
소문난답십리감자탕,동대문구,4.41
복돈우리돼지국밥,동대문구,4.41
해피디쉬클럽,동대문구,4.41
곽만근갈비탕이야기,동대문구,4.41
방앗간,동대문구,4.41
파리바게뜨,동대문구,4.41
중식당 산동성,동대문구,4.41
팔공티,동대문구,4.41
따뜻한식빵,동대문구,4.41
서울치즈피자,동대문구,4.41
동서비빔국수,동대문구,4.41
투썸플레이스,동대문구,4.41
스쿨푸드,동대문구,4.41
다카페,동대문구,4.41
동해안세꼬시,동대문구,4.41
나무그림라운지,동대문구,4.41
바나프레소,동대문구,4.41
이수사일식,동대문구,4.4
영화장,동대문구,4.4
홍능족발,동대문구,4.4
도야족발보쌈,동대문구,4.4
힘찬장어,동대문구,4.4
홍콩중화요리,동대문구,4.4
옛가바지락생칼국수,동대문구,4.4
원보리골,동대문구,4.4
닭한마리,동대문구,4.4
치킨주막,동대문구,4.4
외대곱창,동대문구,4.4
서병장 부대찌개,동대문구,4.4
이수영피자,동대문구,4.4
공간호프,동대문구,4.4
썬더치킨,동대문구,4.4
장안통골뱅이,동대문구,4.4
김가네분식,동대문구,4.4
옛고을닭한마리,동대문구,4.4
산천,동대문구,4.4
장모님식당,동대문구,4.4
이찌방 이야기,동대문구,4.4
가나안분식,동대문구,4.4
이판사판회포차,동대문구,4.4
파리바게뜨,동대문구,4.4
풍천장어마을,동대문구,4.4
강창구찹쌀진순대,동대문구,4.4
플리즈커피,동대문구,4.4
마왕족발,동대문구,4.4
Free Style(프리스타일),동대문구,4.4
또바기치킨,동대문구,4.4
장금이네,동대문구,4.4
티원,동대문구,4.4
피자마루,동대문구,4.4
숑가떡볶이,동대문구,4.4
파리바게뜨,동대문구,4.4
봉평메밀촌,동대문구,4.4
스시래,동대문구,4.4
와가리피순대,동대문구,4.4
평범식당,동대문구,4.4
짱구네김밥,동대문구,4.4
오징어 데이,동대문구,4.4
양자호떡,동대문구,4.4
옛맛소머리국밥,동대문구,4.4
와인양꼬치,동대문구,4.4
왕코등갈비,동대문구,4.4
미소야,동대문구,4.4
사나이뚝배기,동대문구,4.4
붐바커피,동대문구,4.4
맘스터치,동대문구,4.4
분99,동대문구,4.4
빨간대문,동대문구,4.4
오사카부루스,동대문구,4.4
연어이야기,동대문구,4.4
반올림피자샵,동대문구,4.4
이디야커피,동대문구,4.4
꼬기92,동대문구,4.4
옛날바지락손칼국수,동대문구,4.4
파치,동대문구,4.4
이찌방 이야기,동대문구,4.4
명품금돼지,동대문구,4.4
연츠,동대문구,4.4
경성고기꾼,동대문구,4.4
미연 마라탕,동대문구,4.4
바마 비빔국수,동대문구,4.4
도반커피,동대문구,4.4
단밤,동대문구,4.4
카페노란코끼리,동대문구,4.4
눈타이드,동대문구,4.4
미깡 케이크&커피,동대문구,4.4
한우리,동대문구,4.39
조영환의대양한방숯불갈비,동대문구,4.39
아산만민물장어,동대문구,4.39
송정돌솥밥,동대문구,4.39
광주회관,동대문구,4.39
행복한연탄구이,동대문구,4.39
밥은,동대문구,4.39
봉황부대찌개,동대문구,4.39
고가네곱창,동대문구,4.39
이천농장,동대문구,4.39
허브영양족발,동대문구,4.39
빠삐룰라,동대문구,4.39
용두동쭈꾸미,동대문구,4.39
남원추어탕,동대문구,4.39
크치치킨,동대문구,4.39
8번가,동대문구,4.39
와플스토리,동대문구,4.39
다시찾고싶은집,동대문구,4.39
국수집,동대문구,4.39
치즈밥있슈,동대문구,4.39
홍탁,동대문구,4.39
40년전통할머니추어탕,동대문구,4.39
장수한방족발보쌈,동대문구,4.39
칸타타,동대문구,4.39
파리바게뜨,동대문구,4.39
락식락당,동대문구,4.39
총각회수산,동대문구,4.39
커피델라,동대문구,4.39
맘스터치,동대문구,4.39
탕미옥,동대문구,4.39
올레족발,동대문구,4.39
굴다리전주콩나물국밥,동대문구,4.39
굽네치킨,동대문구,4.39
커피향기,동대문구,4.39
오늘와인한잔,동대문구,4.39
치쥬,동대문구,4.39
한명숙피자,동대문구,4.39
혜미네산꼼장어,동대문구,4.39
투썸플레이스,동대문구,4.39
삼겹살무한리필훈구생각,동대문구,4.39
맥스세계치킨,동대문구,4.39
전농황제족발보쌈,동대문구,4.39
커피와핫도그,동대문구,4.39
킹콩부대찌개,동대문구,4.39
소문난냉면,동대문구,4.39
회태랑사골마라탕,동대문구,4.39
와우만두,동대문구,4.39
갈치가보리를물고찌게속으로,동대문구,4.39
참맛옛날통닭,동대문구,4.39
우뚝소곱창,동대문구,4.39
밥묵꼬술묵꼬,동대문구,4.39
적정온도℃,동대문구,4.39
카페인중독,동대문구,4.39
큰집닭강정,동대문구,4.39
삼송빵집,동대문구,4.39
좋은아침 페이스트리,동대문구,4.39
최가네동태찜탕전문점,동대문구,4.39
와플스토리,동대문구,4.39
용두동쭈꾸미,동대문구,4.39
좋은아침 페스츄리,동대문구,4.39
도미노피자,동대문구,4.39
사조회참치,동대문구,4.38
돈주담생삼겹전문점,동대문구,4.38
삼호바게트,동대문구,4.38
파리바게뜨,동대문구,4.38
북경반점,동대문구,4.38
고흥소곱창&부추생삼겹,동대문구,4.38
설우동,동대문구,4.38
현대민물장어,동대문구,4.38
동경 돈까스,동대문구,4.38
친구사이,동대문구,4.38
전주식당,동대문구,4.38
백두산감자탕,동대문구,4.38
성문민물장어,동대문구,4.38
곡성추어탕,동대문구,4.38
군산아귀찜,동대문구,4.38
옛집한우허파,동대문구,4.38
이가네바지락칼국수,동대문구,4.38
영광식당,동대문구,4.38
가정식김밥,동대문구,4.38
본죽,동대문구,4.38
병천순대,동대문구,4.38
오리떼닭한마리보리밥정식,동대문구,4.38
용두쭈꾸미,동대문구,4.38
코코호도,동대문구,4.38
파리바게뜨,동대문구,4.38
땡큐포장마차,동대문구,4.38
호텔글로리,동대문구,4.38
경아네,동대문구,4.38
청연염소골,동대문구,4.38
남원정통추어탕,동대문구,4.38
포차에 꼬치리,동대문구,4.38
다돈왕족발,동대문구,4.38
민속마을,동대문구,4.38
전주토종순대국,동대문구,4.38
오븐마루치킨,동대문구,4.38
커피나무,동대문구,4.38
교촌치킨,동대문구,4.38
큰맘할매순대국,동대문구,4.38
돗가비,동대문구,4.38
왕노가리맥주포차,동대문구,4.38
신전떡볶이,동대문구,4.38
굽네치킨,동대문구,4.38
월촌,동대문구,4.38
장어세상,동대문구,4.38
명성식당,동대문구,4.38
청담짝태&연어,동대문구,4.38
담뿍언니스,동대문구,4.38
광어2마리15000원,동대문구,4.38
한방식당,동대문구,4.38
술술,동대문구,4.38
밥맛나는세상,동대문구,4.38
빈체로,동대문구,4.38
마장동동바곱창,동대문구,4.38
신마라탕,동대문구,4.38
팥고당,동대문구,4.38
둥이초밥,동대문구,4.38
1번지통닭,동대문구,4.38
마왕족발,동대문구,4.38
디올리,동대문구,4.38
국민찹쌀꽈배기,동대문구,4.38
솔뫼골한끼밥상,동대문구,4.38
돈카츠마켙,동대문구,4.38
신보,동대문구,4.38
임오네쭈꾸미,동대문구,4.38
바나프레소,동대문구,4.38
성문민물장어,동대문구,4.38
혜성칼국수,동대문구,4.37
진미곱창막창,동대문구,4.37
성천막국수,동대문구,4.37
길목치킨&불닭,동대문구,4.37
원정숯불바베큐,동대문구,4.37
쏘스치킨타운,동대문구,4.37
바다내음,동대문구,4.37
진도식당,동대문구,4.37
진미손칼국수,동대문구,4.37
버무리떡볶이,동대문구,4.37
박가네생삼겹살,동대문구,4.37
어부,동대문구,4.37
삼대냉면,동대문구,4.37
맥도날드,동대문구,4.37
청년김밥,동대문구,4.37
일번지곱창,동대문구,4.37
파리바게뜨,동대문구,4.37
카페시사,동대문구,4.37
송쉐프,동대문구,4.37
돈치킨,동대문구,4.37
밭 그리고 논,동대문구,4.37
가위바위보떡볶이,동대문구,4.37
정영진 허브 영양족발,동대문구,4.37
야호돈까스,동대문구,4.37
브레드 칸,동대문구,4.37
명가,동대문구,4.37
피자에땅,동대문구,4.37
늘봄해물찜&손칼국수,동대문구,4.37
투썸플레이스,동대문구,4.37
일촌분식,동대문구,4.37
왕산가,동대문구,4.37
카페 리코스타,동대문구,4.37
대통삼,동대문구,4.37
잭아저씨족발&보쌈,동대문구,4.37
이디야커피,동대문구,4.37
강정구의 피자생각,동대문구,4.37
청와대만두,동대문구,4.37
베러댄,동대문구,4.37
소문난 고향순대국 전문점,동대문구,4.37
밍차이,동대문구,4.37
정글포차,동대문구,4.37
맛있는밥상,동대문구,4.37
족발야시장,동대문구,4.37
홍콩반점0410,동대문구,4.37
지노돈까스,동대문구,4.37
혼밥대왕,동대문구,4.37
돈까스익스프레스,동대문구,4.37
탐나종합어시장,동대문구,4.37
여빈,동대문구,4.37
카페게이트,동대문구,4.37
장수식당,동대문구,4.37
키친요시노,동대문구,4.37
왕산가,동대문구,4.37
아웃백스테이크하우스 딜리버리,동대문구,4.37
매콤촌,동대문구,4.36
우리식당,동대문구,4.36
그린치킨,동대문구,4.36
부산갈매기,동대문구,4.36
갈치와고갈비,동대문구,4.36
수희네목포홍탁,동대문구,4.36
중화요리정궁,동대문구,4.36
돌돌말아뽀글뽀글,동대문구,4.36
불타는닭갈비,동대문구,4.36
자매양꼬치,동대문구,4.36
시골보신탕,동대문구,4.36
디오니스,동대문구,4.36
92닭숯불바베큐,동대문구,4.36
강박사돌솥쌈밥생삼겹살,동대문구,4.36
에이바우트커피,동대문구,4.36
청도해물탕아구찜,동대문구,4.36
호시카게,동대문구,4.36
이디야커피,동대문구,4.36
흥부골숯불돼지갈비,동대문구,4.36
수라간,동대문구,4.36
투다리,동대문구,4.36
장안우동집,동대문구,4.36
와우뎅,동대문구,4.36
부부횟집,동대문구,4.36
봉화양꼬치,동대문구,4.36
메밀사랑 묵사랑,동대문구,4.36
피치홈,동대문구,4.36
참이슬식당,동대문구,4.36
모이세,동대문구,4.36
영자네곱창,동대문구,4.36
파리바게뜨,동대문구,4.36
금보리,동대문구,4.36
본죽,동대문구,4.36
나정순할매쭈꾸미,동대문구,4.36
야순네식당,동대문구,4.36
불란서삼겹살,동대문구,4.36
홍익돈까스,동대문구,4.36
서울족발,동대문구,4.36
이디야커피,동대문구,4.36
맥도날드,동대문구,4.36
미성복집,동대문구,4.36
일차돌,동대문구,4.36
공릉닭한마리,동대문구,4.36
태평양홈참치,동대문구,4.36
취영루,동대문구,4.36
셀렉토커피,동대문구,4.36
민경이네,동대문구,4.36
노가리짱,동대문구,4.36
파리바게뜨,동대문구,4.36
그옛날1947왕만두,동대문구,4.36
바른식당 다림방,동대문구,4.36
바른커피,동대문구,4.36
리김밥,동대문구,4.36
홍수계찜닭,동대문구,4.36
교촌치킨,동대문구,4.36
반달제빵소,동대문구,4.36
까레트,동대문구,4.36
내고향왕만두,동대문구,4.36
바이탈싸인 스튜디오 앤 카페,동대문구,4.36
네네치킨,동대문구,4.36
화풍정한식,동대문구,4.36
이천농장정육식당,동대문구,4.35
김씨네 돌솥밥 순두부,동대문구,4.35
육쌈냉면,동대문구,4.35
일심해장국,동대문구,4.35
소년소고기,동대문구,4.35
다잘될거야,동대문구,4.35
북경중화요리,동대문구,4.35
등대횟집,동대문구,4.35
마포숯불갈비,동대문구,4.35
백돈,동대문구,4.35
조선왕순대,동대문구,4.35
케익하우스이원,동대문구,4.35
행복한샤브샤브,동대문구,4.35
놀부만두,동대문구,4.35
화원,동대문구,4.35
다미옥,동대문구,4.35
버드나무 순대국,동대문구,4.35
봉황부대찌개,동대문구,4.35
파리바게뜨,동대문구,4.35
김치만 선생,동대문구,4.35
작은김밥천국,동대문구,4.35
해촌칡냉면,동대문구,4.35
이디야커피,동대문구,4.35
피자스쿨,동대문구,4.35
춘천냉면,동대문구,4.35
곰돌이돈까스,동대문구,4.35
파리바게뜨,동대문구,4.35
강쇠와 옹녀네,동대문구,4.35
곱창사랑,동대문구,4.35
코코이찌방야,동대문구,4.35
신전떡볶이,동대문구,4.35
양평순대국,동대문구,4.35
성진해장국,동대문구,4.35
왕노가리와호프,동대문구,4.35
이디야커피,동대문구,4.35
짬투더뽕,동대문구,4.35
한가네곱창,동대문구,4.35
바다이야기,동대문구,4.35
일시정지,동대문구,4.35
뚜띠쿠치나,동대문구,4.35
미소당,동대문구,4.35
공릉동원조멸치국수,동대문구,4.35
복순네감자탕,동대문구,4.35
안흥갈비,동대문구,4.35
맘스터치,동대문구,4.35
탕의신 홍대포,동대문구,4.35
북촌손만두,동대문구,4.35
꼬꼬스토리,동대문구,4.35
하루,동대문구,4.35
투썸플레이스,동대문구,4.35
니뽕내뽕,동대문구,4.35
목우촌미소와돈,동대문구,4.35
생선구이정식 어반,동대문구,4.35
명가춘천닭갈비,동대문구,4.35
꼬꼬스토리,동대문구,4.35
명동칼국수,동대문구,4.35
커피홀니스,동대문구,4.35
풍천숯불장어세상,동대문구,4.35
싸다구회수산,동대문구,4.35
스시만,동대문구,4.35
꽁보리밥,동대문구,4.35
국민통닭,동대문구,4.35
삼성명가식당,동대문구,4.35
어머니대성집,동대문구,4.35
코리엔탈 깻잎 두마리치킨 고대점,동대문구,4.35
명랑 부대찌개,동대문구,4.35
늘봄비빔밥,동대문구,4.35
정담샤브연,동대문구,4.35
순창할머니청국장,동대문구,4.35
대명수산,동대문구,4.35
비빔가,동대문구,4.35
브라질다방,동대문구,4.35
청량리고기마을,동대문구,4.34
아름다운설렁탕,동대문구,4.34
오뚝부대전골,동대문구,4.34
원골전통순대국전문,동대문구,4.34
여기가좋겠네,동대문구,4.34
맛있는수지네,동대문구,4.34
도란도란곱창,동대문구,4.34
파리바게뜨,동대문구,4.34
매콤달콤떡볶이,동대문구,4.34
도남수산,동대문구,4.34
백리향,동대문구,4.34
한방닭·오리,동대문구,4.34
롯데리아,동대문구,4.34
맘스터치,동대문구,4.34
장수보리밥,동대문구,4.34
작렬곱창,동대문구,4.34
친정김밥,동대문구,4.34
시간의향기,동대문구,4.34
맘스터치,동대문구,4.34
해머커피로스터스,동대문구,4.34
내고향식당,동대문구,4.34
다오레,동대문구,4.34
또바기,동대문구,4.34
씨썬샌드,동대문구,4.34
피자스쿨,동대문구,4.34
융창상회,동대문구,4.34
김이랑밥이랑,동대문구,4.34
파리바게뜨,동대문구,4.34
토속순대국,동대문구,4.34
낙지머근하누,동대문구,4.34
소문난김밥,동대문구,4.34
전주콩나물국밥,동대문구,4.34
이디야커피,동대문구,4.34
치맥,동대문구,4.34
바른치킨,동대문구,4.34
경동한우,동대문구,4.34
카페더멜로우,동대문구,4.34
59쌀피자,동대문구,4.34
전통한방다전,동대문구,4.34
본죽,동대문구,4.34
미아리우동,동대문구,4.34
7번가피자,동대문구,4.34
일층카페,동대문구,4.34
더벤티,동대문구,4.34
왕언니네,동대문구,4.34
탑플레이195,동대문구,4.34
스타동,동대문구,4.34
대왕동태탕,동대문구,4.34
교동짬뽕,동대문구,4.34
오부장치킨,동대문구,4.34
딜리셔스피자,동대문구,4.34
낙원스낵,동대문구,4.34
홈밥,동대문구,4.34
미소반상,동대문구,4.34
신장군마라탕,동대문구,4.34
다래옥,동대문구,4.34
청년피자,동대문구,4.34
보승회관,동대문구,4.34
마루샤브,동대문구,4.34
대성가마솥설렁탕,동대문구,4.34
홍콩대반점,동대문구,4.34
홍콩반점0410,동대문구,4.34
인생설렁탕,동대문구,4.33
항방양육관,동대문구,4.33
홍능갈비집,동대문구,4.33
아비꼬,동대문구,4.33
청일생고기식당,동대문구,4.33
히비야,동대문구,4.33
팔선생,동대문구,4.33
요거프레소,동대문구,4.33
신가네왕코등갈비,동대문구,4.33
두식당,동대문구,4.33
굽네치킨,동대문구,4.33
장위동유성집,동대문구,4.33
원조 골뱅이 전문점,동대문구,4.33
포차 별이 빛나는 밤에,동대문구,4.33
라마다앙코르서울동대문호텔 헬로드림커피,동대문구,4.33
강촌기사식당,동대문구,4.33
녹차먹인돼지,동대문구,4.33
비사벌 전주콩나물국밥,동대문구,4.33
불티나곱창,동대문구,4.33
홍어아구전문,동대문구,4.33
바다수산,동대문구,4.33
토종순대국,동대문구,4.33
대한닭발1979,동대문구,4.33
죠이하우스,동대문구,4.33
호치킨,동대문구,4.33
포마토김밥,동대문구,4.33
김밥애국시,동대문구,4.33
서울김밥,동대문구,4.33
한우리네,동대문구,4.33
서안메밀집,동대문구,4.33
코코호도,동대문구,4.33
한국식당,동대문구,4.33
피자스쿨,동대문구,4.33
파리바게뜨,동대문구,4.33
술사와,동대문구,4.33
카페 꾸오레,동대문구,4.33
롯데리아,동대문구,4.33
이디야커피,동대문구,4.33
장안면옥,동대문구,4.33
해나루초밥,동대문구,4.33
수연네,동대문구,4.33
장안제빵소,동대문구,4.33
착한초밥,동대문구,4.33
부자순대국,동대문구,4.33
아재의 취미,동대문구,4.33
조선닭발,동대문구,4.33
제일정육식당,동대문구,4.33
키세츠,동대문구,4.33
장인푸드,동대문구,4.33
마루,동대문구,4.33
뚜레쥬르,동대문구,4.33
풍뎅이집,동대문구,4.33
어벤더치커피,동대문구,4.33
진실네회마트,동대문구,4.33
한객샤브샤브뷔페,동대문구,4.33
베트남분짜 반베,동대문구,4.33
바이젠스콜,동대문구,4.33
답십리별미,동대문구,4.33
까페89번지,동대문구,4.33
오마뎅,동대문구,4.33
소담촌,동대문구,4.33
뚜레쥬르,동대문구,4.33
뚜레쥬르,동대문구,4.33
훔친갈비공장,동대문구,4.33
전골이야기,동대문구,4.33
더수제돈까스,동대문구,4.33
최강노가리,동대문구,4.33
맘스터치,동대문구,4.33
살롱드베리,동대문구,4.33
동태코다리,동대문구,4.33
노랑통닭,동대문구,4.33
정아니의 불타는 여고 24시 떡볶이,동대문구,4.33
속초명가,동대문구,4.33
마성,동대문구,4.33
다복,동대문구,4.33
신가네왕코등갈비,동대문구,4.33
타코비,동대문구,4.33
대한닭발1979,동대문구,4.33
진실네회마트,동대문구,4.33
솔낭구,동대문구,4.32
선진국낙지마당,동대문구,4.32
목화왕순대국,동대문구,4.32
한방삼계탕,동대문구,4.32
배비장숯불갈비,동대문구,4.32
이조숯불갈비,동대문구,4.32
청량리회집,동대문구,4.32
파리바게뜨,동대문구,4.32
꽃돼지무한삼겹,동대문구,4.32
장충한방명가족발,동대문구,4.32
도미노피자,동대문구,4.32
해적수산,동대문구,4.32
전통왕순대국,동대문구,4.32
치킨필레오,동대문구,4.32
깡통집,동대문구,4.32
바지락칼국수강고집,동대문구,4.32
네네치킨,동대문구,4.32
파리바게뜨,동대문구,4.32
또바기치킨,동대문구,4.32
서울본가,동대문구,4.32
왕순대국,동대문구,4.32
장안순대국밥,동대문구,4.32
닭스,동대문구,4.32
동강오리앤오매떡,동대문구,4.32
마들김밥,동대문구,4.32
청량리조개구이찜,동대문구,4.32
뚜레쥬르,동대문구,4.32
청정수산,동대문구,4.32
감탄떡볶이,동대문구,4.32
춘천막국수,동대문구,4.32
후크치킨,동대문구,4.32
맘스터치,동대문구,4.32
황기닭곰탕,동대문구,4.32
이디야커피,동대문구,4.32
한마음기사식당,동대문구,4.32
명가순대국,동대문구,4.32
속초코다리냉면,동대문구,4.32
7번가피자,동대문구,4.32
우마이,동대문구,4.32
응급실국물떡볶이,동대문구,4.32
아키엠커피,동대문구,4.32
더치앤빈,동대문구,4.32
끼니,동대문구,4.32
신의주찹쌀순대,동대문구,4.32
박가네뼈다귀해장국,동대문구,4.32
커피하우스,동대문구,4.32
전주팔미콩나물국밥,동대문구,4.32
선우어묵,동대문구,4.32
서울마님죽,동대문구,4.32
카페뜨랑,동대문구,4.32
이포크,동대문구,4.32
코코노포,동대문구,4.32
달콤제빵소,동대문구,4.32
북촌손만두,동대문구,4.32
한국통닭,동대문구,4.32
행운돈까스 지기,동대문구,4.31
오복치킨,동대문구,4.31
장수돌솥밥,동대문구,4.31
진성각,동대문구,4.31
삼대나주곰탕,동대문구,4.31
오븐에빠진닭,동대문구,4.31
중국관,동대문구,4.31
그대쉴꽃,동대문구,4.31
네거리의 순이,동대문구,4.31
꾸워봐,동대문구,4.31
대영식당,동대문구,4.31
칠선,동대문구,4.31
교촌치킨,동대문구,4.31
씨에프숯불바베큐치킨,동대문구,4.31
대만선,동대문구,4.31
해남집식당,동대문구,4.31
김선생,동대문구,4.31
민들레영토,동대문구,4.31
그린하우스,동대문구,4.31
잔월,동대문구,4.31
향나무오리집,동대문구,4.31
산촌쌈밥,동대문구,4.31
할머니냉면,동대문구,4.31
서가갈비,동대문구,4.31
동강용봉탕,동대문구,4.31
구이구이,동대문구,4.31
짜짜루,동대문구,4.31
일품의정부 부대찌개,동대문구,4.31
명동찌개마을,동대문구,4.31
포트오브모카,동대문구,4.31
참숯마당,동대문구,4.31
풍년오리,동대문구,4.31
와우김밥,동대문구,4.31
남원정통추어탕,동대문구,4.31
빌리엔젤,동대문구,4.31
브레드원,동대문구,4.31
이기자한우,동대문구,4.31
공차,동대문구,4.31
타이지엔,동대문구,4.31
먹보소고기국밥,동대문구,4.31
경,동대문구,4.31
언제나만족,동대문구,4.31
세븐스테이크,동대문구,4.31
대즐링,동대문구,4.31
천호낙지,동대문구,4.31
우미도시락,동대문구,4.31
서희중화요리,동대문구,4.31
한상차림식당,동대문구,4.31
참다정,동대문구,4.31
싸다김밥,동대문구,4.31
평양냉면,동대문구,4.31
옆집떡볶이,동대문구,4.31
커피베이,동대문구,4.31
보쌈집 꽃쌈,동대문구,4.31
역대짬뽕,동대문구,4.31
흥부찜닭x삼겹본능x공수간,동대문구,4.31
카페엔젤,동대문구,4.31
누구나홀딱반한닭,동대문구,4.31
바불리옛날왕만두,동대문구,4.31
안흥갈비,동대문구,4.3
천호낙지,동대문구,4.3
완도회집,동대문구,4.3
남대문대도집,동대문구,4.3
미강오리전문점,동대문구,4.3
동해해물탕,동대문구,4.3
참진한순대국,동대문구,4.3
우진식당,동대문구,4.3
치악산흑염소요리전문점,동대문구,4.3
원조할머니홍어집,동대문구,4.3
또오래포차,동대문구,4.3
감초식당,동대문구,4.3
초롱이네,동대문구,4.3
명가식당,동대문구,4.3
신설복집,동대문구,4.3
장군부대찌개,동대문구,4.3
파리바게뜨,동대문구,4.3
빵들의수다,동대문구,4.3
네네치킨,동대문구,4.3
장안칡냉면,동대문구,4.3
제기집,동대문구,4.3
돈벼락돌김치삼겹살,동대문구,4.3
두메산골,동대문구,4.3
낮이고밤이고,동대문구,4.3
박사네곱창,동대문구,4.3
엉터리 갈비,동대문구,4.3
알쏭달쏭맛집,동대문구,4.3
숙이네 김밥,동대문구,4.3
홍익짬뽕,동대문구,4.3
봉이동동,동대문구,4.3
굽모닝닭오리숯불바베큐,동대문구,4.3
일품춘천닭갈비,동대문구,4.3
카페아임,동대문구,4.3
대한1인1닭,동대문구,4.3
홍두깨칼국수,동대문구,4.3
국수나무,동대문구,4.3
김씨네돌솥밥순두부,동대문구,4.3
럭키식당,동대문구,4.3
요거프레소,동대문구,4.3
대광횟집,동대문구,4.3
짬뽕필락,동대문구,4.3
압구정델리,동대문구,4.3
스시와다,동대문구,4.3
노란코끼리,동대문구,4.3
라무진,동대문구,4.3
카페림,동대문구,4.3
제주스,동대문구,4.3
카페 주라,동대문구,4.3
아라분식,동대문구,4.3
조선감저,동대문구,4.3
명륜진사갈비,동대문구,4.3
해월샤브샤브,동대문구,4.3
파스쿠찌,동대문구,4.3
비비큐,동대문구,4.3
지혜식당,동대문구,4.3
안흥갈비,동대문구,4.3
유성관,동대문구,4.29
명인만두,동대문구,4.29
이조감자탕추어탕,동대문구,4.29
홍해회바다,동대문구,4.29
세계로식당,동대문구,4.29
외대철판마을,동대문구,4.29
피자스쿨,동대문구,4.29
사보르,동대문구,4.29
고향집,동대문구,4.29
희수네숯불갈비,동대문구,4.29
용두동복집,동대문구,4.29
일번지숯불대왕갈비,동대문구,4.29
따봉하우스,동대문구,4.29
다복식당,동대문구,4.29
돼지한마당,동대문구,4.29
이판사판공사판,동대문구,4.29
큐큐면관,동대문구,4.29
봉평메밀막국수,동대문구,4.29
뚜레쥬르,동대문구,4.29
참존숯불바베큐치킨,동대문구,4.29
전주빈대떡,동대문구,4.29
홍릉각,동대문구,4.29
아론,동대문구,4.29
골뱅이나라,동대문구,4.29
정성서울국수집,동대문구,4.29
카페베네,동대문구,4.29
명가옛날통닭,동대문구,4.29
농푸꼬지기,동대문구,4.29
카페베네,동대문구,4.29
곰이네국밥집,동대문구,4.29
챠오챠오,동대문구,4.29
낙서파전,동대문구,4.29
뚜레쥬르,동대문구,4.29
가마로강정,동대문구,4.29
진미육가,동대문구,4.29
호미,동대문구,4.29
해신루,동대문구,4.29
갈비명가이상,동대문구,4.29
이디야커피,동대문구,4.29
역전우동0410,동대문구,4.29
더테이블,동대문구,4.29
디어테이블,동대문구,4.29
데일리떡볶이,동대문구,4.29
프롬하츠커피앤베이커리,동대문구,4.29
본추추어탕,동대문구,4.29
갈비장터,동대문구,4.29
명인옛날통닭,동대문구,4.29
인생설렁탕,동대문구,4.29
경성꽈배기,동대문구,4.29
반포식스,동대문구,4.29
제주은희네해장국,동대문구,4.29
카페베네,동대문구,4.29
송사부수제쌀고로케,동대문구,4.29
면천추어탕,동대문구,4.28
청마루한우숯불갈비,동대문구,4.28
나주곰탕 나주전,동대문구,4.28
감성만족,동대문구,4.28
등촌샤브칼국수,동대문구,4.28
회기왕족발보쌈,동대문구,4.28
일월성,동대문구,4.28
회기호프,동대문구,4.28
다래성,동대문구,4.28
경성주막,동대문구,4.28
은정식당,동대문구,4.28
조선감저,동대문구,4.28
장짬뽕,동대문구,4.28
일미식당,동대문구,4.28
주연이네밥집,동대문구,4.28
장안곱창전문,동대문구,4.28
고향집,동대문구,4.28
사오포차,동대문구,4.28
오목대뼈다귀,동대문구,4.28
오븐마루치킨,동대문구,4.28
서울김밥,동대문구,4.28
옥돌집,동대문구,4.28
짱구네식당,동대문구,4.28
대박식당,동대문구,4.28
맥킨하우스,동대문구,4.28
하늘사랑,동대문구,4.28
가진항물회식당,동대문구,4.28
샛터국수,동대문구,4.28
앤티앤스,동대문구,4.28
빈스앤베리스,동대문구,4.28
도미노피자,동대문구,4.28
보경벌교참꼬막전문점,동대문구,4.28
고흥집,동대문구,4.28
용두포구,동대문구,4.28
부산밀면냉면,동대문구,4.28
만석반점,동대문구,4.28
동래파전,동대문구,4.28
모두랑즉석떡볶기,동대문구,4.28
진한순대국,동대문구,4.28
쿠우쿠우,동대문구,4.28
둥이네분식,동대문구,4.28
롯데리아,동대문구,4.28
꼬꼬리그,동대문구,4.28
롯데리아,동대문구,4.28
치탑세븐,동대문구,4.28
이화수전통육개장,동대문구,4.28
혜성돈까스,동대문구,4.28
촌식당,동대문구,4.28
용두맥주,동대문구,4.28
깜꼬치킨,동대문구,4.28
사보텐,동대문구,4.28
장상궁김밥,동대문구,4.28
인디펜던트 커피,동대문구,4.28
은행골,동대문구,4.28
투샷,동대문구,4.28
코바코,동대문구,4.28
정대감감자탕,동대문구,4.27
오복식당,동대문구,4.27
또봉이통닭,동대문구,4.27
현대반점,동대문구,4.27
파리바게뜨,동대문구,4.27
경동연탄돼지갈비,동대문구,4.27
시장식당,동대문구,4.27
하얼빈양꼬치샤브샤브,동대문구,4.27
시골집,동대문구,4.27
남원추어탕,동대문구,4.27
라수제돈까스,동대문구,4.27
고대사랑,동대문구,4.27
올레,동대문구,4.27
종암골생고기,동대문구,4.27
압구정닭꼬치,동대문구,4.27
본죽,동대문구,4.27
숙이네 반주집,동대문구,4.27
육쌈냉면,동대문구,4.27
조은우렁쌈밥매운갈비찜,동대문구,4.27
왕도숯불갈비,동대문구,4.27
롯데리아,동대문구,4.27
곱창생각,동대문구,4.27
전통춘천닭갈비,동대문구,4.27
고기나라,동대문구,4.27
파스타리코,동대문구,4.27
맛닭꼬,동대문구,4.27
투썸플레이스,동대문구,4.27
피자마루,동대문구,4.27
치킨마루,동대문구,4.27
한우천국,동대문구,4.27
전농골목냉면,동대문구,4.27
카페 시카고,동대문구,4.27
답십리우동,동대문구,4.27
브레댄코,동대문구,4.27
하타가야,동대문구,4.27
연탄돼지,동대문구,4.27
머랭,동대문구,4.27
애신마라탕,동대문구,4.27
싸움의고수,동대문구,4.27
한상에소두마리,동대문구,4.27
프렌치카페 소딜리셔스,동대문구,4.27
24시 짜장마을,동대문구,4.27
김말자,동대문구,4.27
송정초밥,동대문구,4.27
오동통닭,동대문구,4.27
파더스김밥카페,동대문구,4.27
도시락파스타,동대문구,4.27
마포주물럭,동대문구,4.27
명가통닭,동대문구,4.27
뽀르뚜아,동대문구,4.27
샛집남원추어탕,동대문구,4.26
신마포갈매기,동대문구,4.26
무교동미성낙지,동대문구,4.26
토성옥,동대문구,4.26
봉평메밀막국수,동대문구,4.26
올떡볶이,동대문구,4.26
굽네치킨,동대문구,4.26
홍두깨손칼국수,동대문구,4.26
남원추어탕,동대문구,4.26
99수산,동대문구,4.26
마포껍데기,동대문구,4.26
아쿠아,동대문구,4.26
엉터리 숯불꼼장어,동대문구,4.26
꿀꿀,동대문구,4.26
솥뚜껑삼겹살,동대문구,4.26
카페마노핀,동대문구,4.26
닭으로가,동대문구,4.26
양촌리,동대문구,4.26
한마음곱창,동대문구,4.26
싱싱오징어바다,동대문구,4.26
반달집,동대문구,4.26
빈스앤와플,동대문구,4.26
59쌀피자,동대문구,4.26
장돌이부산어묵,동대문구,4.26
영남보신탕,동대문구,4.26
피자스쿨,동대문구,4.26
잇주,동대문구,4.26
굿맘할매순대국&양선지해장국,동대문구,4.26
요리왕,동대문구,4.26
열두광주리,동대문구,4.26
한우구이이정도는돼야지,동대문구,4.26
기와옥,동대문구,4.26
신화직화닭발,동대문구,4.26
우정김밥분식,동대문구,4.26
통파이브,동대문구,4.26
김밥나라떡볶이왕,동대문구,4.26
롯데리아,동대문구,4.26
빵샘제빵소,동대문구,4.26
종로손칼국수,동대문구,4.26
누쿠모리,동대문구,4.26
고창집,동대문구,4.26
김여사짜장&짬뽕,동대문구,4.26
걸작떡볶이치킨,동대문구,4.26
남도보쌈파전,동대문구,4.26
코지인무르무르,동대문구,4.26
맹자네떡볶이,동대문구,4.26
이다짬뽕,동대문구,4.26
마포숯불갈비,동대문구,4.26
한촌설렁탕,동대문구,4.25
노랑통닭,동대문구,4.25
용두똥돼지,동대문구,4.25
풍년식당,동대문구,4.25
대광반점,동대문구,4.25
호수갈비,동대문구,4.25
홍조보리밥집,동대문구,4.25
섬마을횟집,동대문구,4.25
준이네식당,동대문구,4.25
동양연탄갈비,동대문구,4.25
오늘은면발땡기는날,동대문구,4.25
도미노피자장안점,동대문구,4.25
춘향골 남원추어탕,동대문구,4.25
왔다식당,동대문구,4.25
브라운돈까스,동대문구,4.25
호랭이양식당,동대문구,4.25
국빈,동대문구,4.25
임가네 김밥 떡볶이 전문점,동대문구,4.25
상봉닭한마리,동대문구,4.25
구이랑동태탕,동대문구,4.25
양지함박왕돈까스기사님식당,동대문구,4.25
찌개마을,동대문구,4.25
감탄떡볶이,동대문구,4.25
탱크호프,동대문구,4.25
오리,동대문구,4.25
왈순네,동대문구,4.25
우리돈,동대문구,4.25
피자스쿨,동대문구,4.25
윤가네식당,동대문구,4.25
포앤라이스,동대문구,4.25
꽃밭정이추어탕,동대문구,4.25
커피첼리나,동대문구,4.25
파리바게뜨,동대문구,4.25
문뒤엔,동대문구,4.25
카페홍,동대문구,4.25
허뚱돼지나라,동대문구,4.25
우리동네 김밥 연구소,동대문구,4.25
임진강메기매운탕,동대문구,4.25
스시원,동대문구,4.25
풀코스,동대문구,4.25
디에쉐르,동대문구,4.25
전통춘천닭갈비,동대문구,4.25
전주콩나물국밥,동대문구,4.25
고향반점,동대문구,4.25
프롬올리비아,동대문구,4.25
키즈인피자,동대문구,4.25
쉼표포차,동대문구,4.25
저바다,동대문구,4.25
옥이네포장마차,동대문구,4.25
타코비&치즈볼,동대문구,4.25
부타곱창,동대문구,4.25
빵이가,동대문구,4.25
커피투데이,동대문구,4.25
유정보쌈칼국수해물찜,동대문구,4.25
제육대가,동대문구,4.25
빵굽는마을,동대문구,4.25
우리집,동대문구,4.25
한나식빵,동대문구,4.25
초우마을,동대문구,4.24
별미명태랑낙지랑,동대문구,4.24
태화루,동대문구,4.24
용두옥,동대문구,4.24
치킨뱅이,동대문구,4.24
신통일부대찌개,동대문구,4.24
신용궁,동대문구,4.24
매콤돈까스칡불냉면,동대문구,4.24
이종구낙지세상,동대문구,4.24
맛나식당,동대문구,4.24
포천메밀냉면,동대문구,4.24
경동함흥냉면,동대문구,4.24
압구정김밥,동대문구,4.24
본스치킨,동대문구,4.24
성미식당,동대문구,4.24
미화루,동대문구,4.24
촬영궁,동대문구,4.24
금강산숯불갈비,동대문구,4.24
자매식당,동대문구,4.24
하루밥상,동대문구,4.24
나주옥,동대문구,4.24
비어하우스,동대문구,4.24
명동찌개마을,동대문구,4.24
종로김밥,동대문구,4.24
취홍,동대문구,4.24
최고의 족발,동대문구,4.24
향원중화요리,동대문구,4.24
부산돼지국밥 복돈우리,동대문구,4.24
룰루랄라,동대문구,4.24
명품한방삼계탕,동대문구,4.24
빨강오뎅,동대문구,4.24
카페베네,동대문구,4.24
신성한방오리,동대문구,4.24
러블티,동대문구,4.24
홍가네부대찌개,동대문구,4.24
돈수백,동대문구,4.24
남선반점,동대문구,4.24
서래맥주집,동대문구,4.24
능이명가,동대문구,4.24
이화,동대문구,4.24
율스,동대문구,4.24
다야식당,동대문구,4.24
국수나무,동대문구,4.24
샌디앤샐리,동대문구,4.24
순대야족발먹자,동대문구,4.24
미연마라탕,동대문구,4.24
모던통닭,동대문구,4.24
처갓집양념치킨,동대문구,4.24
스시화,동대문구,4.24
어사출또 생선구이,동대문구,4.24
참진한순대국,동대문구,4.24
용화장,동대문구,4.23
박가네 아바이순대,동대문구,4.23
구포국수,동대문구,4.23
신설보쌈앤칼국수,동대문구,4.23
자매식당,동대문구,4.23
명동칼국수샤브샤브,동대문구,4.23
비비큐,동대문구,4.23
이에나파이,동대문구,4.23
원주종가집,동대문구,4.23
돈김치,동대문구,4.23
윤가네청국장,동대문구,4.23
신토불이,동대문구,4.23
본초밥상,동대문구,4.23
한성함흥냉면막국수,동대문구,4.23
팔당동동육개장,동대문구,4.23
가위바위보떡볶이,동대문구,4.23
명품한강오리,동대문구,4.23
동촌대구탕동태탕,동대문구,4.23
수타생고기,동대문구,4.23
시그널커피,동대문구,4.23
신천순대국,동대문구,4.23
미아리우동집,동대문구,4.23
언차일드,동대문구,4.23
꽃보다족발,동대문구,4.23
행운식당,동대문구,4.23
반하다,동대문구,4.23
더커피샵,동대문구,4.23
네네치킨,동대문구,4.23
김밥천국,동대문구,4.23
코케코코,동대문구,4.23
두툼,동대문구,4.22
미미식당,동대문구,4.22
본죽,동대문구,4.22
임오네쭈꾸미,동대문구,4.22
성일식당,동대문구,4.22
오늘숯불바베큐치킨,동대문구,4.22
청해산곰장어장어마을,동대문구,4.22
이모네왕파전,동대문구,4.22
소문난명물아구찜,동대문구,4.22
이경규의압구정김밥,동대문구,4.22
충주집,동대문구,4.22
옥돌,동대문구,4.22
청담이상,동대문구,4.22
어머니의고등어,동대문구,4.22
옛날처럼,동대문구,4.22
어사출또,동대문구,4.22
천하대만족,동대문구,4.22
농장이야기,동대문구,4.22
대동숯불생고기,동대문구,4.22
풍미숯불갈비,동대문구,4.22
본도시락,동대문구,4.22
명가양꼬치,동대문구,4.22
만원의행복,동대문구,4.22
동경통닭,동대문구,4.22
페르비타커피,동대문구,4.22
명가인빵,동대문구,4.22
연꽃향기,동대문구,4.22
보리랑,동대문구,4.22
정통녹두빈대떡,동대문구,4.22
대독장,동대문구,4.22
제기식당,동대문구,4.22
싸다김밥,동대문구,4.22
명륜진사갈비,동대문구,4.22
곽씨아저씨,동대문구,4.22
성원유황오리,동대문구,4.22
만추,동대문구,4.22
뜸들이다,동대문구,4.22
이모네왕파전,동대문구,4.22
다복회관,동대문구,4.22
감탄떡볶이,동대문구,4.22
나주막회,동대문구,4.21
장안삼계탕,동대문구,4.21
마포보쌈,동대문구,4.21
비스마르크,동대문구,4.21
배고팡,동대문구,4.21
팔도빈대떡&보쌈,동대문구,4.21
삼보기사식당,동대문구,4.21
태농숯불갈비,동대문구,4.21
미락분식,동대문구,4.21
장수닭도리탕감자탕,동대문구,4.21
일미간장게장,동대문구,4.21
신선루,동대문구,4.21
홍희통닭,동대문구,4.21
다래정,동대문구,4.21
한강치킨,동대문구,4.21
마끼,동대문구,4.21
공자식탁,동대문구,4.21
이디야커피,동대문구,4.21
국수나무,동대문구,4.21
한마당,동대문구,4.21
전통춘천닭갈비,동대문구,4.21
대한닭발1979,동대문구,4.21
황금성,동대문구,4.21
일식모리,동대문구,4.21
아다모커피,동대문구,4.21
엘가커피,동대문구,4.21
25시 감자탕 뼈해장국,동대문구,4.21
아빠분식,동대문구,4.21
다사리아2,동대문구,4.21
시대곱창,동대문구,4.21
큰손,동대문구,4.21
빛나는바다,동대문구,4.21
in서울,동대문구,4.21
열정생선,동대문구,4.21
장안벌함흥냉면,동대문구,4.21
해피니스디저트,동대문구,4.21
만냥회,동대문구,4.21
양꼬치앤양갈비,동대문구,4.21
옛날통닭,동대문구,4.21
카츠서울,동대문구,4.21
커피에반하다,동대문구,4.21
배스 분식,동대문구,4.21
해장쿡,동대문구,4.21
함경면옥,동대문구,4.2
일미기사식당,동대문구,4.2
탑호프레스토랑,동대문구,4.2
다올래치킨,동대문구,4.2
사조참치,동대문구,4.2
늘즐거운집,동대문구,4.2
중국성,동대문구,4.2
궁금한식당,동대문구,4.2
해송제주갈치,동대문구,4.2
파리바게뜨,동대문구,4.2
조가네부대찌개전문점,동대문구,4.2
나이스호프,동대문구,4.2
곱창전문점,동대문구,4.2
시골밥상,동대문구,4.2
피자스쿨,동대문구,4.2
이미자손만두,동대문구,4.2
츄츄바&츄밥,동대문구,4.2
사철멸치국수나라,동대문구,4.2
모전여전,동대문구,4.2
이디야커피,동대문구,4.2
커피앤쥬스,동대문구,4.2
옛골명가,동대문구,4.2
삼인 커피,동대문구,4.2
김가네김밥,동대문구,4.2
스시사이젠,동대문구,4.2
명륜진사갈비,동대문구,4.2
과일카페길버트,동대문구,4.2
막퍼포차,동대문구,4.2
오르새피자,동대문구,4.2
김밥천국,동대문구,4.2
전주집,동대문구,4.2
가도,동대문구,4.19
굴마을낙지촌,동대문구,4.19
"북경,영빈관",동대문구,4.19
국가대표바지락손칼국수,동대문구,4.19
장안칼국수보쌈,동대문구,4.19
신토불이한우곱창,동대문구,4.19
행님아,동대문구,4.19
짬뽕명가,동대문구,4.19
전주막걸리전문점,동대문구,4.19
교촌치킨,동대문구,4.19
송가네 낙지,동대문구,4.19
참치본가,동대문구,4.19
돈보네 숯불고기,동대문구,4.19
커피가게,동대문구,4.19
한촌설렁탕,동대문구,4.19
본가짜장,동대문구,4.19
청정수산,동대문구,4.19
옛날국밥,동대문구,4.19
초량불백,동대문구,4.19
공릉동 원조멸치국수,동대문구,4.19
노가리,동대문구,4.19
옛날통닭,동대문구,4.19
퀴즈노스,동대문구,4.19
여우애 김밥,동대문구,4.19
소윤이네김밥,동대문구,4.19
청룡분식,동대문구,4.19
커피베이,동대문구,4.19
장안정,동대문구,4.19
카페드립,동대문구,4.19
홍대개미,동대문구,4.19
커피에반하다,동대문구,4.19
삼성루,동대문구,4.18
후문첫집,동대문구,4.18
돈통,동대문구,4.18
삼통치킨,동대문구,4.18
지호한방삼계탕,동대문구,4.18
김밥앤국시,동대문구,4.18
복성장,동대문구,4.18
충북식당,동대문구,4.18
천리향,동대문구,4.18
또오래식당,동대문구,4.18
요거프레소,동대문구,4.18
춘천메밀막국수,동대문구,4.18
24시회마트,동대문구,4.18
나루터,동대문구,4.18
피자브라더스,동대문구,4.18
꼬치네분식,동대문구,4.18
중국관,동대문구,4.18
더블에이치,동대문구,4.18
목포행포차,동대문구,4.18
교촌치킨,동대문구,4.18
길식당,동대문구,4.17
그옛날에즉석짜장,동대문구,4.17
삼학도,동대문구,4.17
마당쇠호프,동대문구,4.17
월매네 남원추어탕,동대문구,4.17
인생극장,동대문구,4.17
갯벌쭈꾸미,동대문구,4.17
한일커피숍,동대문구,4.17
원조장안영양탕,동대문구,4.17
팬스테이크키친,동대문구,4.17
전주한우곰탕,동대문구,4.17
청량리 골목식당,동대문구,4.17
파리바게뜨,동대문구,4.17
치킨마루,동대문구,4.17
울랄라호프&포차,동대문구,4.17
압구정찌개마을,동대문구,4.17
신의주부대찌개,동대문구,4.17
껌지네술밥,동대문구,4.17
약령식당,동대문구,4.17
찜마을,동대문구,4.17
제일제면소,동대문구,4.17
수홍,동대문구,4.17
치즈앤도우,동대문구,4.17
한성카페,동대문구,4.17
카페 앤,동대문구,4.17
공릉동원조멸치국수,동대문구,4.17
직화불향쭈꾸미,동대문구,4.17
최강낙지,동대문구,4.16
마늘각시,동대문구,4.16
라선생돈까스,동대문구,4.16
참숯불구이,동대문구,4.16
북배산흑염소요리,동대문구,4.16
장안설렁탕,동대문구,4.16
도토리군버섯양,동대문구,4.16
마늘떡볶이,동대문구,4.16
장안골,동대문구,4.16
우리집식당,동대문구,4.16
중화랑,동대문구,4.16
공릉동원조 멸치국수,동대문구,4.16
광한루남원추어탕,동대문구,4.16
봉평메밀,동대문구,4.16
두끼,동대문구,4.16
김밥천국,동대문구,4.16
요집가먹으러,동대문구,4.16
거정,동대문구,4.16
마루,동대문구,4.16
큰손숯불갈비,동대문구,4.16
쉼표,동대문구,4.16
빈스바네스,동대문구,4.16
윤가네,동대문구,4.16
무등산왕돌구이집,동대문구,4.16
로즈힐,동대문구,4.16
마라대학,동대문구,4.16
92숯불닭바베큐,동대문구,4.16
행복은간장밥,동대문구,4.16
장어구이셀프타운직판장,동대문구,4.15
해물마을,동대문구,4.15
24시 해장국감자탕,동대문구,4.15
김밥천국,동대문구,4.15
먹거리촌기사식당,동대문구,4.15
문래동냉삼,동대문구,4.15
경성농장 소랑돼지랑,동대문구,4.15
오소리순대,동대문구,4.15
황하,동대문구,4.15
썬더치킨,동대문구,4.15
우렁각시,동대문구,4.15
일로하카페,동대문구,4.15
윤가네삼합보쌈칼국수,동대문구,4.15
소나무,동대문구,4.15
석이네 꽃닭발,동대문구,4.15
썬더치킨,동대문구,4.15
청우숯불갈비,동대문구,4.15
고흥아줌매,동대문구,4.15
카페홀릭,동대문구,4.15
별미한식뷔페,동대문구,4.15
아지트,동대문구,4.15
김밥천국,동대문구,4.14
동촌,동대문구,4.14
월계정,동대문구,4.14
고향식당,동대문구,4.14
청진동 해장국,동대문구,4.14
조마루감자탕,동대문구,4.14
할매토지식당,동대문구,4.14
본가남원추어탕,동대문구,4.14
바니호프치킨,동대문구,4.14
솥뚜껑생삼겹살,동대문구,4.14
함평한우솥뚜껑김치생삼겹,동대문구,4.14
도원식당,동대문구,4.14
할매순대국,동대문구,4.14
넘치는호프,동대문구,4.14
일품정,동대문구,4.14
엘에이(LA)북창동순두부,동대문구,4.14
남원추어탕,동대문구,4.14
김밥천국,동대문구,4.14
섭이네식당,동대문구,4.14
토프레소,동대문구,4.14
콩보,동대문구,4.14
토프레소,동대문구,4.14
고기여행,동대문구,4.14
영미밥상,동대문구,4.14
얼땅쟈,동대문구,4.14
카페 마차,동대문구,4.14
진미식당,동대문구,4.13
만나식당,동대문구,4.13
용궁,동대문구,4.13
홍가네 소머리국밥,동대문구,4.13
카페더블유에스프레소,동대문구,4.13
옛날손두부,동대문구,4.13
무교동맷돌파전,동대문구,4.13
대왕참치,동대문구,4.13
종로빈대떡,동대문구,4.13
해다원해물찜,동대문구,4.13
명성식당,동대문구,4.13
한국통닭,동대문구,4.13
카페 루,동대문구,4.13
광어9900,동대문구,4.13
엄마손김밥,동대문구,4.13
참새포차,동대문구,4.13
경동식당,동대문구,4.13
정가네산꼼장어,동대문구,4.13
당식당,동대문구,4.13
카페237,동대문구,4.13
HUFS동문커피,동대문구,4.13
코너카페,동대문구,4.13
붕붕호프,동대문구,4.13
밀파스타앤스테이크,동대문구,4.13
오마뎅,동대문구,4.13
해운수산,동대문구,4.13
한신수제김밥,동대문구,4.13
마루찬식당,동대문구,4.13
배떡,동대문구,4.13
새벽길빨간오뎅,동대문구,4.13
갯뻘낙지,동대문구,4.12
맛나식당,동대문구,4.12
부영식당,동대문구,4.12
썬더치킨,동대문구,4.12
맛고을,동대문구,4.12
전설의짬뽕,동대문구,4.12
김밥천국,동대문구,4.12
햇살김밥,동대문구,4.12
동원식당,동대문구,4.12
휘경할매순대국,동대문구,4.12
쌈마루,동대문구,4.12
선이네수제순대국,동대문구,4.12
장안보쌈앤족발,동대문구,4.11
산촌버섯마을,동대문구,4.11
장충족발,동대문구,4.11
하루,동대문구,4.11
영미식당,동대문구,4.11
초록뜰,동대문구,4.11
조개베네,동대문구,4.11
김밥천국,동대문구,4.11
호박식당,동대문구,4.11
우미설렁탕,동대문구,4.11
칼리앤메리,동대문구,4.11
김봉순허브족발보쌈,동대문구,4.11
만득이곱창,동대문구,4.11
비비큐,동대문구,4.11
가비,동대문구,4.11
두촌 가마솥밥,동대문구,4.11
명품참숯화로구이,동대문구,4.11
청계소담 왕갈비탕 딜리버리,동대문구,4.11
가마솥설렁탕,동대문구,4.1
아사원,동대문구,4.1
원씨네가마솥보리밥,동대문구,4.1
동묘삼계탕,동대문구,4.1
청춘싸롱,동대문구,4.1
정화네뼈우거지탕,동대문구,4.1
원조식당,동대문구,4.1
쌍둥이식당,동대문구,4.1
주향,동대문구,4.1
갈치해장국,동대문구,4.1
힘찬 풍천장어,동대문구,4.1
장안멸치국수,동대문구,4.1
문성해물짬뽕,동대문구,4.1
애슐리퀸즈,동대문구,4.1
내가쉐프라면,동대문구,4.1
참진한순대국,동대문구,4.1
얌얌브레드,동대문구,4.1
인생닭강정,동대문구,4.1
가정한식당,동대문구,4.09
석거리 보쌈&도가니탕,동대문구,4.09
남화루,동대문구,4.09
큰맘할매순대국,동대문구,4.09
베리베리치킨,동대문구,4.09
삼대냉면,동대문구,4.09
남경한식부페,동대문구,4.09
옥이네 곱창,동대문구,4.09
홍두깨 손칼국수,동대문구,4.09
로운 샤브샤브,동대문구,4.09
카페그랑,동대문구,4.09
종로청진동해장국,동대문구,4.08
고대멸치국수,동대문구,4.08
한옥촌,동대문구,4.08
정포차,동대문구,4.08
장진주,동대문구,4.08
홍릉기사식당,동대문구,4.08
용대리명태찜,동대문구,4.08
풍류,동대문구,4.08
공간이야기(도야식당),동대문구,4.08
라운지더블유아이티,동대문구,4.08
오늘하루,동대문구,4.08
명주회관,동대문구,4.08
조마루감자탕,동대문구,4.07
김밥천국,동대문구,4.07
전골마을,동대문구,4.07
아쿠아,동대문구,4.07
골드레벨파스타&필라프,동대문구,4.07
춘천닭갈비,동대문구,4.07
부산횟집,동대문구,4.07
서민포차와다,동대문구,4.07
충주식당,동대문구,4.07
돈장군vs소일병,동대문구,4.07
공릉동원조멸치국수,동대문구,4.07
복이 많이 있는 복집,동대문구,4.07
카페 104,동대문구,4.07
정원식당,동대문구,4.07
불타는형제들 연탄불고기,동대문구,4.07
전주식당,동대문구,4.06
김밥천국,동대문구,4.06
서울식당,동대문구,4.06
태능숯불갈비,동대문구,4.06
물고기집,동대문구,4.06
타이인플레이트,동대문구,4.06
대성회관,동대문구,4.06
국풍,동대문구,4.06
카페 오크라,동대문구,4.06
동호식당,동대문구,4.06
성하갈비,동대문구,4.05
주쿤,동대문구,4.05
신촌설렁탕,동대문구,4.05
남한강 물고기,동대문구,4.05
하루원,동대문구,4.05
왔다생고기마을,동대문구,4.05
저기압일때 고기앞으로,동대문구,4.05
박가부대,동대문구,4.05
부산뉴욕제과,동대문구,4.04
모닥불,동대문구,4.04
중국성,동대문구,4.04
기와집,동대문구,4.04
고향집,동대문구,4.04
영산김밥,동대문구,4.04
샹그라,동대문구,4.04
마포소문난순대국족발,동대문구,4.04
풍천장어 굴 보쌈,동대문구,4.04
커피식스,동대문구,4.04
슈퍼통닭,동대문구,4.04
삼화기사식당,동대문구,4.04
선희네주문진항,동대문구,4.04
하륜일만족발,동대문구,4.04
보리밭손칼국수,동대문구,4.03
모모치킨,동대문구,4.03
진미기사식당,동대문구,4.03
자산어보,동대문구,4.03
시골쌈밥,동대문구,4.03
김밥천국,동대문구,4.03
김밥천국,동대문구,4.03
디 얼루어,동대문구,4.03
또봉이통닭,동대문구,4.03
대흥설농탕,동대문구,4.02
골목,동대문구,4.02
서장각,동대문구,4.02
춘자네엄니밥줘,동대문구,4.02
블루차이나,동대문구,4.02
짱구짱구 꼬마김밥앤만두,동대문구,4.02
노천파전,동대문구,4.01
뽀빠이칡냉면,동대문구,4.01
카페 단홍,동대문구,4.01
북창동순두부,동대문구,4.01
공릉동원조멸치국수,동대문구,4.01
이대감생삽겹살,동대문구,4
태능숯불갈비 돌판삼겹살,동대문구,4
청학동,동대문구,4
맥켄치킨,동대문구,4
다미한식분식,동대문구,4
시골집,동대문구,4
장터분식해성만두,동대문구,4
보문숯불갈비,동대문구,4
형제식당,동대문구,4
세진식당,동대문구,4
야미또치킨,동대문구,4
남자네 선지해장국,동대문구,4
비어팬더,동대문구,4
쏘마,동대문구,4
동네곱창,동대문구,4
숙이네포장마차,동대문구,4
등갈비의신화,동대문구,4
현대호프,동대문구,4
금복식당,동대문구,4
골목집,동대문구,4
광주식당,동대문구,4
군산식당,동대문구,4
어죽이,동대문구,4
목포공주네,동대문구,4
포항집,동대문구,4
소문난빵집,동대문구,4
고대기사,동대문구,4
경동베이커리,동대문구,4
샘커피숍,동대문구,4
맛고을갈비찜,동대문구,4
서울파전,동대문구,4
어글리머그,동대문구,4
들개,동대문구,4
천객루,동대문구,4
꽃동네,동대문구,4
다와야식,동대문구,4
홍어일번지,동대문구,4
달커피,동대문구,4
전국구,동대문구,4
호야주점,동대문구,4
김군네통닭집,동대문구,4
59년옛날통닭,동대문구,4
상생장,동대문구,4
진국식당,동대문구,4
울트라국수,동대문구,4
한끼,동대문구,4
양지호프,동대문구,4
철판왕만두,동대문구,4
육회지존,동대문구,4
민이식당,동대문구,4
제이제이라이프카페,동대문구,4
국민통닭,동대문구,4
굿떡볶이,동대문구,4
코끼리닭발,동대문구,4
이문식당,동대문구,4
선보기푸드,동대문구,4
청량리뼈구이,동대문구,4
좋은맛,동대문구,4
장터생고기,동대문구,4
맛나곱창,동대문구,4
이태리국수,동대문구,4
목포공주네,동대문구,4
자매손칼국수,동대문구,3.99
금산 가정식백반,동대문구,3.98
산아래,동대문구,3.98
꽃마실,동대문구,3.98
일광족발,동대문구,3.97
화이트캣,동대문구,3.96
고대로찌개집,동대문구,3.96
중근네식당,동대문구,3.96
욱이네우기네포차식당,동대문구,3.96
용두감자탕,동대문구,3.96
에싸임,동대문구,3.96
대아아구찜탕,동대문구,3.95
식닷컴,동대문구,3.95
투다리,동대문구,3.95
두산추어탕,동대문구,3.95
호식이두마리치킨,동대문구,3.95
지니어스커피,동대문구,3.95
이가네감자탕,동대문구,3.95
매란방,동대문구,3.95
소노야,동대문구,3.94
스시덴고쿠,동대문구,3.94
그집,동대문구,3.93
이%,동대문구,3.93
미나리식당,동대문구,3.93
엄마손맛집,동대문구,3.93
오리사냥돼지사냥,동대문구,3.92
장군식당,동대문구,3.92
국물떡볶이,동대문구,3.92
수연칼국수,동대문구,3.92
국민낙곱새,동대문구,3.91
가야가야,동대문구,3.89
바다가육지,동대문구,3.89
지형이네 능이 오리닭백숙,동대문구,3.89
먹거리식당,동대문구,3.88
소문난식당,동대문구,3.88
시골집,동대문구,3.88
핑크라벨,동대문구,3.88
산천부페,동대문구,3.88
커피마마,동대문구,3.88
본스치킨,동대문구,3.88
장안제일손칼국수,동대문구,3.88
선셋포인트,동대문구,3.88
제주오전복,동대문구,3.88
아라연대게,동대문구,3.88
수랏간한식부페,동대문구,3.87
퓨처월드,동대문구,3.87
명성식당,동대문구,3.86
개미포차,동대문구,3.86
서래갈매기,동대문구,3.86
야미가,동대문구,3.86
다사리아닭꼬치,동대문구,3.86
시골밥상앤포차,동대문구,3.86
또순이순대국,동대문구,3.85
바닷가에서,동대문구,3.84
막장노가리,동대문구,3.84
맛짱곱창,동대문구,3.84
돼지왕,동대문구,3.83
시골집진지상,동대문구,3.83
부산제과,동대문구,3.83
멕시칸 치킨,동대문구,3.83
자매식당,동대문구,3.83
썬카페,동대문구,3.83
연푸드,동대문구,3.82
웰빙한식부페,동대문구,3.81
피에니,동대문구,3.81
메이퀸,동대문구,3.8
엄마손분식,동대문구,3.8
어머니순대곱창,동대문구,3.8
논빼미식당,동대문구,3.8
애자이모식당,동대문구,3.8
옛날국수,동대문구,3.8
티아르,동대문구,3.79
오늘도 스시,동대문구,3.78
돈부리청년,동대문구,3.77
고향왕파전,동대문구,3.77
조령가정식식당,동대문구,3.75
흑산도 홍탁,동대문구,3.75
더푸드인시티,동대문구,3.75
정원국수,동대문구,3.75
그린호프,동대문구,3.75
카페베네앤세계의맥주,동대문구,3.71
산자락,동대문구,3.7
파라다이스,동대문구,3.7
오케이호프,동대문구,3.7
치즈밥있슈,동대문구,3.68
노다지삼겹살,동대문구,3.67
뚱땡이생고기삼겹살,동대문구,3.67
복희네집,동대문구,3.67
서진커피숍,동대문구,3.67
제주통도야지,동대문구,3.64
순창식당,동대문구,3.63
편안,동대문구,3.63
경발원,동대문구,3.6
꼴까닭강정,동대문구,3.6
오돌이,동대문구,3.6
발칙한맥주,동대문구,3.58
아는집밥,동대문구,3.58
언니네,동대문구,3.58
갈비가맛있는집,동대문구,3.57
어썸바,동대문구,3.56
여수해물나라,동대문구,3.54
이간자식당,동대문구,3.51
동부다방,동대문구,3.5
호남식당,동대문구,3.5
산울림,동대문구,3.5
지앤지치킨,동대문구,3.5
옛고을,동대문구,3.5
행운가득,동대문구,3.5
카페나인,동대문구,3.5
디오커피랩,동대문구,3.5
또래공갈빵,동대문구,3.5
포차전,동대문구,3.5
까치포차,동대문구,3.5
강민주의들밥,동대문구,3.5
빈티지카페,동대문구,3.5
서울마님죽,동대문구,3.5
미림찌개세상,동대문구,3.35
꿩대신닭,동대문구,3.3
육해공,동대문구,3.26
동녁식당,동대문구,3.25
홍어 닭발,동대문구,3.25
수정다방,동대문구,3.25
가미네,동대문구,3.08
부여사철탕,동대문구,3
행운호프,동대문구,3
충정도식당,동대문구,3
제이피케이터링,동대문구,3
타임,동대문구,3
꼬또 아 마노,동대문구,3
이박사쭈꾸미,동대문구,3
이모네분식,동대문구,3
숯불구이광장,동대문구,3
대성식당,동대문구,2.75
골목집,동대문구,2.75
다래식당,동대문구,2.5
용두동 엽기쭈꾸미,동대문구,2.5
청량리푸드앤호프,동대문구,2.25
미주네,동대문구,2
양띠네 양꼬치주점,동대문구,1.83
태양해물아구찜탕,동대문구,
대동다방,동대문구,
소양강메기매운탕,동대문구,
목포회집,동대문구,
강세호참치,동대문구,
중국성,동대문구,
록원다방,동대문구,
전농칼국수,동대문구,
깜닭,동대문구,
팔각도,동대문구,
보배반점,동대문구,
볼텍스,동대문구,
삼호식당,동대문구,
기깔난게장 무한리필,동대문구,
봉평메밀막국수,동대문구,
미소곱창,동대문구,
만복보쌈,동대문구,
서원,동대문구,
호화양꼬치,동대문구,
한근숯불닭갈비,동대문구,
마리채,동대문구,
제주육돈가,동대문구,
동다방,동대문구,
감악산생소금구이,동대문구,
영미해물샤브샤브,동대문구,
따봉왕돈까스,동대문구,
열정포장마차,동대문구,
실비식당,동대문구,
만선,동대문구,
모름,동대문구,
현창신동매운족발,동대문구,
재벌국수,동대문구,
밤푸스,동대문구,
딱이야2,동대문구,
익골,동대문구,
히노하루,동대문구,
포도포차,동대문구,
정인보리밥,동대문구,
신미정,동대문구,
우리식당,동대문구,
진사부,동대문구,
토크쇼,동대문구,
전주분식,동대문구,
블루바,동대문구,
전농연탄불백구이,동대문구,
태백회관,동대문구,
새마당회,동대문구,
군산식당,동대문구,
총각네압구정김밥,동대문구,
아르누보,동대문구,
이승은 백년국밥,동대문구,
옛날짜장,동대문구,
장안동먹깨비간장게장해물아구찜,동대문구,
숙이,동대문구,
피자스쿨,동대문구,
회기김밥,동대문구,
레벤호프,동대문구,
명동주점,동대문구,
낙원호프소주방,동대문구,
청호프,동대문구,
영대식당,동대문구,
낙서파전,동대문구,
고창풍천장어,동대문구,
호남집,동대문구,
안암골식당,동대문구,
뚜구리,동대문구,
수정포차,동대문구,
형제육회,동대문구,
목포식당,동대문구,
다정식당,동대문구,
보양화 명품코다리 밀가마 부대찌개,동대문구,
마라에 꼬치다,동대문구,
오렌지보틀,동대문구,
닭은 먹고 다니냐,동대문구,
주궁,동대문구,
강촌,동대문구,
고황감자탕뼈다귀해장국,동대문구,
가정식김밥,동대문구,
한마음,동대문구,
아구좋아 해물좋아,동대문구,
해남으로,동대문구,
밤안개 호프,동대문구,
대박식당,동대문구,
나주곰탕나주전,동대문구,
뜨락,동대문구,
돈카와치,동대문구,
뺑드미제빵소,동대문구,
또바기치킨,동대문구,
장안야식,동대문구,
본죽,동대문구,
대성식당,동대문구,
늘품푸드,동대문구,
놀부심보,동대문구,
목화,동대문구,
일이삼조브이앤(1.2.3. ZO V/N),동대문구,
고향상회,동대문구,
인생주점 두레박,동대문구,
산호커피,동대문구,
고깃,동대문구,
피보,동대문구,
엽기떡볶기,동대문구,
동화기사식당,동대문구,
장안 민물장어,동대문구,
고기혁명,동대문구,
까페이레,동대문구,
인 더 베이글(In the Bagel),동대문구,
두꺼비식당,동대문구,
백조다방,동대문구,
마약순대국,동대문구,
돈&구이,동대문구,
장미식당,동대문구,
신카이,동대문구,
우돈마루,동대문구,
애넷아빠 생선굽는날,동대문구,
풍성맛집,동대문구,
목포해물ㆍ낙지전문점,동대문구,
박가네 고깃간,동대문구,
서라벌식탁,동대문구,
산울림커피숍,동대문구,
꽃돼지등갈비,동대문구,
란이네 먹거리,동대문구,
소머리국밥,동대문구,
대지식당,동대문구,
정석김밥,동대문구,
단비,동대문구,
더샵라이스,동대문구,
찌개애감동,동대문구,
벨루트,동대문구,
소문난맛집,동대문구,
신설동뚝배기,동대문구,
지노돈까스(홀),동대문구,
더모임,동대문구,
탐나종합어시장,동대문구,
리본앤볼,동대문구,
새로나떡볶이,동대문구,
락포차,동대문구,
일번지호프,동대문구,
즐밤,동대문구,
영자비어카페,동대문구,
순살만공격,동대문구,
온앤온(on&on)24,동대문구,
마카나이,동대문구,
등대잔치국수,동대문구,
정동진아구찜,동대문구,
제기통닭,동대문구,
애니원에프앤씨,동대문구,
우가네가마솥통닭,동대문구,
맛닭꼬,동대문구,
베네(bene),동대문구,
그계절의우리들,동대문구,
소야지,동대문구,
미락,동대문구,
서유기마라탕,동대문구,
돈팔삼,동대문구,
숙경이네,동대문구,
다락방,동대문구,
나주식당,동대문구,
아름이네,동대문구,
아사달초밥,동대문구,
자주온 순대국,동대문구,
다사리아닭꼬치,동대문구,
현방오백소갈비살,동대문구,
박리식당,동대문구,
러블티,동대문구,
대왕식당,동대문구,
돈까스마마,동대문구,
답십리장날포차,동대문구,
피자꾼&대한면옥,동대문구,
옛골옻닭,동대문구,
오성식당,동대문구,
9900바른육회,동대문구,
양계장집아들,동대문구,
곱분이곱창,동대문구,
봄의정원,동대문구,
안다미로,동대문구,
힐링 아싸방,동대문구,
땅땅치킨,동대문구,
시골밥상,동대문구,
나래김밥,동대문구,
산과들진순대국,동대문구,
강떡,동대문구,
신의주순대국,동대문구,
짬뽕취향,동대문구,
함평집,동대문구,
수상한식당,동대문구,
성수면옥,동대문구,
청산커피호프,동대문구,
압구정제주집(押鷗亭濟州緝),동대문구,
히어로즈커피로스터스,동대문구,
상구통닭&봉봉떡볶이,동대문구,
비어스토리,동대문구,
이층식당,동대문구,
송학삼계탕,동대문구,
이강참치,동대문구,
몽떡,동대문구,
전주전통식당,동대문구,
올유니드,동대문구,
스시고우,동대문구,
다인포차24시,동대문구,
탕화쿵푸마라탕,동대문구,
핵밥,동대문구,
일편달심쭈꾸미,동대문구,
김가네냉면,동대문구,
진미,동대문구,
여몽다방,동대문구,
카페선인장,동대문구,
초원커피숍,동대문구,
김치조치,동대문구,
오구본가,동대문구,
빙고 앤 샐러드,동대문구,
김가네 한근두근,동대문구,
펀비어킹,동대문구,
김뚜껑부대찌개,동대문구,
페이지2726,동대문구,
홈카페24,동대문구,
백두산국밥집,동대문구,
포(PHO)420,동대문구,
커피브로치,동대문구,
카페스튜디오 배우다,동대문구,
바푸리포,동대문구,
도깨비매운탕,동대문구,
또박식당,동대문구,
덮밥Bro,동대문구,
열린마당,동대문구,
지코바,동대문구,
조은하루,동대문구,
치킨과 바람피자 장안점 커피마마,동대문구,
풀코스치킨호프,동대문구,
초원호프,동대문구,
우마스시,동대문구,
153스트리트,동대문구,
발리하이,동대문구,
폭풍장어,동대문구,
멜로우시티3rd(Mellowcity),동대문구,
삼팔냉면 왕돈까스,동대문구,
엄마손집밥 뷔페,동대문구,
여수포차,동대문구,
새마을식당,동대문구,
신참떡볶이,동대문구,
슬로우캘리 동대문,동대문구,
족발종족,동대문구,
참치공방,동대문구,
한잔해,동대문구,
돌우물,동대문구,
경희대학교 경영대카페,동대문구,
삼인정,동대문구,
청춘닭꼬치,동대문구,
고산면가,동대문구,
평양 냉면,동대문구,
제네비베이커리,동대문구,
오피바이비,동대문구,
자담치킨,동대문구,
맥주 HAUS,동대문구,
문인커피,동대문구,
이문맥주공방,동대문구,
히동이치킨,동대문구,
명품커피,동대문구,
수정커피숍,동대문구,
청춘연가,동대문구,
최진사곰탕,동대문구,
콕찍어콕콕꼬치다,동대문구,
경성반점,동대문구,
비앤에이치,동대문구,
밀박스,동대문구,
족발상회,동대문구,
짱구 맛집,동대문구,
젠틀마담,동대문구,
푸짐한녀석들,동대문구,
안계식당,동대문구,
헤이즐넛버터,동대문구,
귀한족발,동대문구,
사계절밥상,동대문구,
명장야홍혜진,동대문구,
카페 어텐디,동대문구,
시스터즈주방,동대문구,
수제왕갈비,동대문구,
꿀돼지집,동대문구,
마라마라,동대문구,
일페이중국전통요리,동대문구,
1번지옛날통닭,동대문구,
무나드,동대문구,
난바우동,동대문구,
신설동1억해장국267,동대문구,
초롱이네 찌개밥상,동대문구,
102호프,동대문구,
88 & 상회,동대문구,
모이차(MOOICHA),동대문구,
엄나무골 삼계탕,동대문구,
뚱보집,동대문구,
일번지,동대문구,
죽도령,동대문구,
카페아셀,동대문구,
정성푸드,동대문구,
술먹고밥먹고,동대문구,
포핸즈,동대문구,
닭봉씨,동대문구,
더홀릭,동대문구,
옛사랑,동대문구,
유자미,동대문구,
외식 쇼핑몰,동대문구,
김우리식당,동대문구,
카페 P.I.C(Pearl In Clam),동대문구,
라마파스타,동대문구,
블레스카페,동대문구,
용두명가식당,동대문구,
유월의 마들렌,동대문구,
카페우딘(cafe woodin),동대문구,
클락워크,동대문구,
치킨먹9 회두먹9,동대문구,
호니도니,동대문구,
너만보여 크루아상,동대문구,
야식왕한잔해,동대문구,
두들이네,동대문구,
라다크(LADAKH),동대문구,
용이기,동대문구,
재수돈 감자탕,동대문구,
올데이(orday),동대문구,
킹's 김밥 KING's ROLL,동대문구,
이상한나라의떡볶이,동대문구,
아카참치,동대문구,
오터타코2,동대문구,
돼랑이우랑이 돈까스우동,동대문구,
리얼문어 타코홀릭,동대문구,
아리랑노점,동대문구,
젓국지,동대문구,
신설동뚝배기,동대문구,
찬스’육회,동대문구,
육회먹는호랑이,동대문구,
봉구가래떡볶이,동대문구,
길동우동,동대문구,
오늘도 벨카롱,동대문구,
101호 이탈리안레술토랑,동대문구,
기대만족,동대문구,
취홍별관,동대문구,
미드테이블 동대문,동대문구,
충성 칡냉면,동대문구,
행복푸드,동대문구,
텍스멕스,동대문구,
명쿡,동대문구,
와우신내떡,동대문구,
주식회사 나르항 게르하우스,동대문구,
족발보감,동대문구,
양밍위 황먼지 미판,동대문구,
식객도시락,동대문구,
청와대식당,동대문구,
카페(Cafe) H,동대문구,
고향미중식당,동대문구,
금의환향,동대문구,
새발낙지 떴다,동대문구,
오가푸드,동대문구,
은주네 통영 횟집,동대문구,
BHC답십리점,동대문구,
영푸드,동대문구,
다찌,동대문구,
맛있는 쭈꾸미집,동대문구,
쿡의 정석,동대문구,
숯불닭꼬치명가,동대문구,
츄르케이크,동대문구,
셉,동대문구,
쿠마타코야끼&캔카페,동대문구,
김순례 묵은지 생등갈비찜,동대문구,
호야네족발,동대문구,
태리로제떡볶이앤닭강정,동대문구,
오와이커피,동대문구,
아이빈푸드(ibean food),동대문구,
똘비족발,동대문구,
초원,동대문구,
홍파식당,동대문구,
한일,동대문구,
더 맛있는 족발보쌈,동대문구,
개화,동대문구,
샘터컨츄리치킨,동대문구,
아메리카치킨,동대문구,
늘봄,동대문구,
마차,동대문구,
우정,동대문구,
진주식당,동대문구,
흙식당,동대문구,
별난호프,동대문구,
성신식당,동대문구,
비스트리트,동대문구,
세현,동대문구,
르네상스,동대문구,
레프트커피,동대문구,
블르,동대문구,
장수식당,동대문구,
플러스,동대문구,
자매식당,동대문구,
준,동대문구,
그린원통술,동대문구,
멕시칸마베큐치킨,동대문구,
용두다방,동대문구,
옛날칼국수,동대문구,
계절밥상,동대문구,
와우한식당,동대문구,
황금성,동대문구,
만성,동대문구,
서종냉면,동대문구,
어흥,동대문구,
그린호프,동대문구,
장미식당,동대문구,
물망초,동대문구,
으뜸호프,동대문구,
친구,동대문구,
코코,동대문구,
윤,동대문구,
시골집,동대문구,
놀부통닭,동대문구,
진주통닭,동대문구,
보리수,동대문구,
대신,동대문구,
청춘국물닭발,동대문구,
삼정,동대문구,
아진,동대문구,
학다방,동대문구,
동원식당,동대문구,
전주식당,동대문구,
우촌식당,동대문구,
박사삼계탕,동대문구,
고향집,동대문구,
낭만포차,동대문구,
혜성김밥,동대문구,
소문난집,동대문구,
은짱스낵,동대문구,
넝쿨,동대문구,
삼각산수제비,동대문구,
미도리분식,동대문구,
청미모밀국수,동대문구,
하자포차,동대문구,
제주도흑돼지,동대문구,
태양,동대문구,
향수,동대문구,
미로,동대문구,
영순네집,동대문구,
참진한 순대국,동대문구,
동백꽃,동대문구,
서울칼국수,동대문구,
할머니냉면,동대문구,
홍가네식당,동대문구,
한양숯불갈비,동대문구,
목포식당,동대문구,
씽씽스넥,동대문구,
깡통집,동대문구,
자매분식,동대문구,
듀크,동대문구,
다솜식당,동대문구,
독도게찜분점,동대문구,
해성닭한마리,동대문구,
불꽃,동대문구,
장터칼국수,동대문구,
청량리 대박삼겹살,동대문구,
황대포소금구이,동대문구,
구락,동대문구,
현대갈비마을,동대문구,
기다림,동대문구,
수연,동대문구,
오서방,동대문구,
약속,동대문구,
한우동청량리점,동대문구,
마차다방,동대문구,
동경호텔,동대문구,
부산대구탕,동대문구,
석산식당,동대문구,
할머니김밥,동대문구,
이따가,동대문구,
영지닭한마리,동대문구,
장수,동대문구,
고대로 찌개집 2,동대문구,
희야성,동대문구,
오바(OBAR),동대문구,
희진,동대문구,
남원식당,동대문구,
족발야시장,동대문구,
전주식당,동대문구,
안성희뼈감자탕,동대문구,
황실제과,동대문구,
고담,동대문구,
종로곱창,동대문구,
곱창전문점,동대문구,
88식당,동대문구,
개미반점,동대문구,
마사키,동대문구,
이나닭강정,동대문구,
페리카나,동대문구,
다정식당,동대문구,
500냥,동대문구,
야시시,동대문구,
라이브호프치킨,동대문구,
타임,동대문구,
홈런순대국밥,동대문구,
풍년야식,동대문구,
미미식당,동대문구,
청마루 한우,동대문구,
모듬전집,동대문구,
본떼숯불바베큐,동대문구,
선진푸드,동대문구,
엉클톰,동대문구,
코니아일랜드,동대문구,
가마솥,동대문구,
옹기골,동대문구,
미가랑,동대문구,
휘경식당,동대문구,
취향저격,동대문구,
아씨,동대문구,
용아칼국수,동대문구,
란이랑소주방,동대문구,
돌고래,동대문구,
백합,동대문구,
하정,동대문구,
열정,동대문구,
윤희식당,동대문구,
현대커피숍,동대문구,
즉석어묵,동대문구,
넝쿨,동대문구,
목포식당,동대문구,
시선집중,동대문구,
혜산식당,동대문구,
실내포장마차,동대문구,
상록수호프,동대문구,
양평분식,동대문구,
화이팅,동대문구,
명동감자탕,동대문구,
여주집,동대문구,
고기싸롱,동대문구,
스타호프,동대문구,
수연,동대문구,
만추 먹는집,동대문구,
동신식당,동대문구,
연어사랑1,동대문구,
가정식백반,동대문구,
정,동대문구,
가마고을(청량리점),동대문구,
푸른바다,동대문구,
솔레미오,동대문구,
서울해장국,동대문구,
민들레,동대문구,
고향만두전문점,동대문구,
다래,동대문구,
푸드전엔전골,동대문구,
시간여행,동대문구,
꼬꼬리아,동대문구,
오동나무식당,동대문구,
풀코스,동대문구,
종로김밥,동대문구,
은정,동대문구,
빈대떡신사,동대문구,
김밥천국,동대문구,
뜨락,동대문구,
권가네해물칼국수,동대문구,
디오니스,동대문구,
멕시칸치킨,동대문구,
진호프,동대문구,
영포장마차,동대문구,
아리아치킨,동대문구,
명호프,동대문구,
궁전실내포차,동대문구,
에덴,동대문구,
오복호프소주방,동대문구,
영아식품,동대문구,
아라마크경희의료원 장례식장,동대문구,
길식당,동대문구,
일성,동대문구,
황우생통오리전문점,동대문구,
일조얼큰샤브칼국수,동대문구,
쇼킹,동대문구,
이한돈,동대문구,
일번지,동대문구,
신궁전,동대문구,
전주곰탕,동대문구,
불티,동대문구,
맨어바웃타운,동대문구,
동해수산,동대문구,
주블리,동대문구,
아담,동대문구,
호랑이초밥,동대문구,
소마,동대문구,
청풍장어대감,동대문구,
목련,동대문구,
연자네분식,동대문구,
로데오,동대문구,
장안 쭈꾸미,동대문구,
블랙홀,동대문구,
미림식당,동대문구,
영광,동대문구,
종로김밥,동대문구,
치킨파트너,동대문구,
해남식당,동대문구,
필립,동대문구,
마포칼국수,동대문구,
동수손칼국수,동대문구,
모모,동대문구,
블랙로즈,동대문구,
가고파,동대문구,
바비,동대문구,
이슬방울생버섯,동대문구,
"맛집 분식,한식",동대문구,
다인,동대문구,
더줌플러스,동대문구,
무한고기,동대문구,
밀림,동대문구,
실내포장마차,동대문구,
커피하우스,동대문구,
나래,동대문구,
비비큐,동대문구,
황도식당,동대문구,
만소만,동대문구,
일호,동대문구,
이프,동대문구,
둥지백반,동대문구,
두리아,동대문구,
너와,동대문구,
숙이네,동대문구,
한우동,동대문구,
샘터,동대문구,
가학산 흑염소 요리,동대문구,
꼴통,동대문구,
아성식당,동대문구,
박가네흑돼지생고기구이점,동대문구,
나루터,동대문구,
온달파전,동대문구,
용두분식,동대문구,
버거랑,동대문구,
가마솥닭곰탕2500원,동대문구,
풍년,동대문구,
상하이문,동대문구,
베이커리,동대문구,
도화,동대문구,
용두파전,동대문구,
왕큰통감자탕,동대문구,
함양숯불갈비,동대문구,
왕꼼장어,동대문구,
하하김밥호호우동,동대문구,
웰빙호프,동대문구,
은이네,동대문구,
이자까야 쥬베이,동대문구,
동북풍미 양꼬치,동대문구,
형제집,동대문구,
영예스,동대문구,
밍크,동대문구,
홍어집,동대문구,
란찌개집,동대문구,
퇴근길,동대문구,
로즈말이,동대문구,
계경순대국,동대문구,
이슬,동대문구,
라온나인,동대문구,
자가제빵 선명희피자,동대문구,
나주해장국,동대문구,
타임하우스,동대문구,
싼마이꼬치앤이자카야,동대문구,
명가,동대문구,
물커피(Mool Coffee),동대문구,
파리바게뜨,동대문구,
느낌,동대문구,
진수성찬,동대문구,
먹거리식당II,동대문구,
선민네,동대문구,
엘브릴란테(el brillante),동대문구,
네네치킨,동대문구,
산마을감자탕,동대문구,
지숙이네포차,동대문구,
두미시골집,동대문구,
락퓨전요리주가,동대문구,
장수감자탕,동대문구,
설빙,동대문구,
주막집,동대문구,
제이제이바(JJ BAR),동대문구,
불타는짜장,동대문구,
고향맛 바지락 칼국수,동대문구,
신현대식당,동대문구,
실내왕포차,동대문구,
향진,동대문구,
카페다미마루,동대문구,
카페안젤로,동대문구,
은행,동대문구,
동의보감,동대문구,
한솔푸드,동대문구,
페리아치킨호프,동대문구,
신가족발,동대문구,
용진산닭곰탕,동대문구,
피자나라,동대문구,
시장분식,동대문구,
너랑나랑호프,동대문구,
이자까야쥬베이,동대문구,
돈칠,동대문구,
화끈하고통크게,동대문구,
고메이,동대문구,
더 와요(The wayo),동대문구,
리젠시,동대문구,
황금갈비,동대문구,
어르길(ORGIL),동대문구,
돈나라돈통령,동대문구,
대부,동대문구,
함바식당,동대문구,
우마이,동대문구,
시미,동대문구,
전주식당,동대문구,
뮤즈,동대문구,
동궁,동대문구,
휴식과공간,동대문구,
바지락칼국수,동대문구,
영호프,동대문구,
마장동2C,동대문구,
녹두삼계탕,동대문구,
주문진,동대문구,
시대먹고지고먹고,동대문구,
가온푸드유통,동대문구,
장평곱창,동대문구,
꼴더덕 꼴더덕,동대문구,
북해도,동대문구,
다성샤브샤브,동대문구,
칠구오의집,동대문구,
명인청진동해장국,동대문구,
용두삼겹살,동대문구,
전농기사식당,동대문구,
추억의밥상,동대문구,
신의주 찹쌀순대와 쭈꾸미,동대문구,
임오네 쭈꾸미 4,동대문구,
바우골 곱창 쭈꾸미,동대문구,
일떡,동대문구,
부산어묵,동대문구,
청량리맞이 스토리웨이,동대문구,
리안스베이글,동대문구,
아빠는 요리중 떡방,동대문구,
경동제과,동대문구,
지투,동대문구,
코리아식당,동대문구,
고기하다,동대문구,
황진이 호프,동대문구,
고향식당,동대문구,
남한강식당,동대문구,
함바 주점코리아,동대문구,
아로하치킨,동대문구,
빠리,동대문구,
아지트,동대문구,
만남호프,동대문구,
유림,동대문구,
청춘포차,동대문구,
신촌 1번지,동대문구,
용,동대문구,
풍물빈대떡,동대문구,
좋은세상,동대문구,
추억의 찐빵,동대문구,
빠니니에꽁빠니(Panini et compagnie),동대문구,
홍가네김밥,동대문구,
스토브,동대문구,
이디야커피,동대문구,
조이후드코리아,동대문구,
희망분식,동대문구,
오늘도 곱도리,동대문구,
촬사리,동대문구,
해물포차 서봉,동대문구,
곱창마을,동대문구,
또바기치킨호프,동대문구,
지구정복을꿈꾸는고양이,동대문구,
차와한잔,동대문구,
본고집,동대문구,
푸드정원,동대문구,
대경참치,동대문구,
오샤베리,동대문구,
수정이네,동대문구,
신선화,동대문구,
소머리국밥,동대문구,
진미순대국,동대문구,
후퉁리,동대문구,
오이시,동대문구,
와디무사(Wadi Musa),동대문구,
매주식당,동대문구,
해성식당,동대문구,
맛있는빵집,동대문구,
할메포장마차,동대문구,
맛자랑떡볶이,동대문구,
윤진식당,동대문구,
골프타운식당,동대문구,
화성호프,동대문구,
민들레,동대문구,
풍년,동대문구,
호남식당,동대문구,
새우리 궁중 칼국수 아구찜,동대문구,
오아시스(O:asis),동대문구,
옥이네,동대문구,
국수카페,동대문구,
맛나식당,동대문구,
시크릿가든,동대문구,
알탕보락(ALTAN BULAG),동대문구,
밤안개호프,동대문구,
길벗함박,동대문구,
안동집,동대문구,
쉐프의 한끼,동대문구,
서브웨이(Subway)외대점,동대문구,
짱구문구 슬러시,동대문구,
롯데쇼핑 롯데마트,동대문구,
조안분식,동대문구,
메디컬카페,동대문구,
포트 캔 커피,동대문구,
마카나이,동대문구,
킹,동대문구,
진자씨네 매운갈비찜&닭도리탕,동대문구,
식당 면,동대문구,
티엘씨(TLC),동대문구,
꽃피는마을,동대문구,
샘물호프,동대문구,
이자카야192,동대문구,
에비뉴엘호프,동대문구,
오케이만두(OK만두),동대문구,
성원,동대문구,
우리식당,동대문구,
짝,동대문구,
아리가또멘,동대문구,
20년전통외대닭갈비,동대문구,
뚱보집,동대문구,
한솥외대정문점,동대문구,
피자와치킨의러브레터,동대문구,
끝까지 맛있는 피자소그로,동대문구,
임오네쭈꾸미3,동대문구,
다솜,동대문구,
도토리묵국수,동대문구,
만나분식,동대문구,
버블트리,동대문구,
코코버블티,동대문구,
커피애드립,동대문구,
엔학고레,동대문구,
블레스(Bless),동대문구,
쉴만한 물가1,동대문구,
쉴만한 물가2,동대문구,
카페란스,동대문구,
오실장강남면옥,동대문구,
이층식당,동대문구,
포마토 스푼,동대문구,
잇선,동대문구,
와와포차,동대문구,
명가족발,동대문구,
영칼국수,동대문구,
우성식당,동대문구,
꼬망쥐,동대문구,
노가리1000(착한사람들),동대문구,
수정포장마차,동대문구,
곽만근갈비탕,동대문구,
포베이,동대문구,
먹거리촌 N 사랑채,동대문구,
꼬치리,동대문구,
헤네시,동대문구,
Iyou파티클럽,동대문구,
신년에프앤비,동대문구,
왕돈까스왕냉면,동대문구,
산골밥상,동대문구,
조이빈스,동대문구,
죽이야기,동대문구,
커피베이,동대문구,
새벽길빨간오뎅,동대문구,
카페데미(Cafe Demi),동대문구,
장안식당,동대문구,
꼬치다1,동대문구,
롯데컬처윅스롯데시네마청량리스위트샵,동대문구,
야야,동대문구,
꼴통,동대문구,
옛고을 순대국,동대문구,
팡팡,동대문구,
다생오리,동대문구,
호남식당,동대문구,
시골밥상,동대문구,
하오짬,동대문구,
샌드박스525,동대문구,
모나코,동대문구,
流(흐를류),동대문구,
불로초,동대문구,
네남자,동대문구,
모모호프,동대문구,
삼보수제갈비,동대문구,
콩보장안점,동대문구,
통골뱅이전문점,동대문구,
승호원식당,동대문구,
바른치킨,동대문구,
베르떼,동대문구,
에스카페,동대문구,
우리수퍼,동대문구,
저스틴,동대문구,
콘레드커피경희대점 앤 그리기요거트,동대문구,
상가(Sangha),동대문구,
아비앙또(Abiantot),동대문구,
현웅디자인,동대문구,
리에또,동대문구,
떡카페시혁(Tteok Cafe C.Hyuk),동대문구,
도쿄당,동대문구,
서오릉피자,동대문구,
진미식당,동대문구,
경동식당,동대문구,
보르조미,동대문구,
촉파이 중식,동대문구,
꽃나비호프,동대문구,
오늘통닭,동대문구,
국수와낙지비빔밥,동대문구,
훅그냥,동대문구,
루나,동대문구,
전술의고향,동대문구,
오광식당,동대문구,
바이엠,동대문구,
요리천국,동대문구,
역전,동대문구,
국화향기,동대문구,
드림레스토랑(Dream Restaurant),동대문구,
전주식당,동대문구,
씨나인(C9),동대문구,
밸런스버거,동대문구,
매운도리집,동대문구,
백돈,동대문구,
주베이오뎅,동대문구,
마시께매운떡볶이,동대문구,
일품양평해장국,동대문구,
쏠래다이닝,동대문구,
하루,동대문구,
부르네,동대문구,
서희,동대문구,
야만(Yaman),동대문구,
진고복식당,동대문구,
비스트로 구구,동대문구,
루프탑다이닝,동대문구,
서서오뎅 하뎅쿨,동대문구,
선 에프앤비(선 F&B),동대문구,
케이탑,동대문구,
요거프레소,동대문구,
밍스5˚c (Ming's 5˚c),동대문구,
멕커피,동대문구,
월드푸드,동대문구,
커피허니,동대문구,
카카오츄로,동대문구,
엘지수퍼,동대문구,
유니유니베이비카페,동대문구,
더컬러,동대문구,
보르조미음식점,동대문구,
앵춘,동대문구,
노가리,동대문구,
힐링켐프,동대문구,
몬스터플레이스,동대문구,
토종순대국,동대문구,
더드림푸드,동대문구,
카페쿠피,동대문구,
설빙,동대문구,
3pop(쓰리팝),동대문구,
튠업카페,동대문구,
교동짬뽕,동대문구,
뚱이식당,동대문구,
싼마이 꼬치앤이자카야,동대문구,
쥬스앤아이,동대문구,
용두마트식당,동대문구,
죽 전문점 참죽&반죽,동대문구,
잔비어스,동대문구,
회기서광장제과점,동대문구,
어쩌다빠진돈까스,동대문구,
튄닥vs꾼닥,동대문구,
끌리앙(Client),동대문구,
도시피자,동대문구,
알지비커피,동대문구,
민들레 커피숲,동대문구,
원우회,동대문구,
모던한식당,동대문구,
플로릭카페,동대문구,
하남삼겹,동대문구,
호남식당,동대문구,
성차사진품보이차,동대문구,
다이스라떼,동대문구,
디에블린,동대문구,
누들닭,동대문구,
놀숲,동대문구,
뚱이네 가자,동대문구,
엠키친 앤 카페,동대문구,
찬&찬 두마리치킨,동대문구,
형지쇼핑,동대문구,
일월,동대문구,
대진회집,동대문구,
홍제호프,동대문구,
곱담,동대문구,
해피 공간,동대문구,
커피와 그림,동대문구,
마이고기,동대문구,
호밀호두,동대문구,
주한상,동대문구,
쭈노치킨가게,동대문구,
키스더티라미수,동대문구,
빙달,동대문구,
카페쿡키스,동대문구,
순정,동대문구,
숙이네분식,동대문구,
이거시 손만두,동대문구,
맹자포차,동대문구,
호남포차,동대문구,
와플샵,동대문구,
유송푸드,동대문구,
웰스경희대점,동대문구,
한국통닭,동대문구,
장안대박집,동대문구,
우거지감자탕,동대문구,
아이앤맘,동대문구,
아지트,동대문구,
쥬시빈,동대문구,
별빛,동대문구,
대성소처,동대문구,
피자존n수부기푸드시스템,동대문구,
셀렉토커피,동대문구,
까페마로네,동대문구,
두매골,동대문구,
세시봉,동대문구,
엑스코어,동대문구,
탐나종합어시장,동대문구,
수,동대문구,
통큰막창&고기,동대문구,
스마일,동대문구,
알비더블유라운지,동대문구,
비에이치씨(bhc),동대문구,
카페쿠피,동대문구,
오늘도,동대문구,
실크로드푸드(Silk Road Food),동대문구,
베트꽁쌀국수,동대문구,
호프광장,동대문구,
아리스커피(ARIS COFFEE),동대문구,
분더바,동대문구,
순대국,동대문구,
오븐돼지,동대문구,
토탈커피식당,동대문구,
놀숲외대후문점,동대문구,
계절이야기,동대문구,
와인카페55-1,동대문구,
에듀퐁(쁘띠몽드),동대문구,
쥬스킹,동대문구,
피자엠,동대문구,
통통분식,동대문구,
우영사모님 댁,동대문구,
엠케이치킨호프,동대문구,
푸짐한집,동대문구,
서울마님죽,동대문구,
고향정식당,동대문구,
끼니와끼니,동대문구,
원호프,동대문구,
치킨마루,동대문구,
백채,동대문구,
마스터다이닝,동대문구,
에스티앤(STN)커피숍,동대문구,
이화수전통육개장,동대문구,
단골집,동대문구,
끼니인포차,동대문구,
원더월커피로스터스,동대문구,
마라양꼬치,동대문구,
우리집도시락,동대문구,
블러썸유,동대문구,
이지스탠다드,동대문구,
동아쏘시오그룹공제회(DA-1201),동대문구,
장안라운지,동대문구,
박가부대찌개청량리역사점,동대문구,
비바커피카페,동대문구,
아크로폴리스,동대문구,
밤포차,동대문구,
아지트,동대문구,
준데미댄스,동대문구,
지에스리테일용두타운,동대문구,
케이에프씨청량리역사점,동대문구,
카페에이치,동대문구,
신세계푸드베이커리,동대문구,
미담,동대문구,
견우,동대문구,
청솔마트,동대문구,
와이앤케이코리아,동대문구,
쓰리팝회기역점,동대문구,
요거프레소,동대문구,
비엔나호프,동대문구,
회기역사내회기자유통로스낵점,동대문구,
리브라이블리(한국노인체육평가협회),동대문구,
푸른솔 문화관 카페,동대문구,
롬카페,동대문구,
술푸는 녀석들,동대문구,
아지트케이(아지트K),동대문구,
번쩍피자,동대문구,
한잔해퓨전호프,동대문구,
장일커피숍,동대문구,
에스에이치(SH)보드카페,동대문구,
금농,동대문구,
황금장어,동대문구,
플랜트랩,동대문구,
속초매콤명태간장조림,동대문구,
보정황소곱창,동대문구,
리얼수타돈까스,동대문구,
시골밥집,동대문구,
삐에로라운지,동대문구,
감악산 생소금구이,동대문구,
차차,동대문구,
뿔발,동대문구,
베이킹파티,동대문구,
전농어떡이,동대문구,
본도시락신설동역점,동대문구,
아즈매식당,동대문구,
홈카페24,동대문구,
양많은 눈꽃육회,동대문구,
리틀비틀,동대문구,
13보드카페써틴,동대문구,
신세계푸드베이커리장안점(2),동대문구,
엔제리너스,동대문구,
순대국엔드곱창집,동대문구,
오티움커피랩,동대문구,
자유도시,동대문구,
오늘동,동대문구,
놀스캘리,동대문구,
송학수산,동대문구,
1일1디저트,동대문구,
종합조명,동대문구,
카페숲(cafesoop),동대문구,
푸른물고기,동대문구,
킹콩부대찌개,동대문구,
너나들이,동대문구,
푸드존,동대문구,
정성,동대문구,
커피미업,동대문구,
구석집,동대문구,
직화삼겹직구삼이문휘경점,동대문구,
아이원,동대문구,
강호,동대문구,
양만이,동대문구,
아라마크서울동부병원장례식장,동대문구,
황옥예찬방,동대문구,
옛날집,동대문구,
더드림착한가게,동대문구,
이상한나라의앨리스,동대문구,
써든스테이크동대문점,동대문구,
미채담샤브정,동대문구,
키무카츠테이,동대문구,
모리노키친,동대문구,
카페온더,동대문구,
수참치,동대문구,
도쿄짬뽕,동대문구,
아센(ASSEN),동대문구,
이스포츠,동대문구,
학생회관점카페,동대문구,
더블유호프,동대문구,
떡가게 종춘,동대문구,
철판요리힐,동대문구,
해물참치빠,동대문구,
이모네골뱅이전문점,동대문구,
가장맛있는배돌이네족발집,동대문구,
해양수산,동대문구,
청솔,동대문구,
스와르,동대문구,
쎄븐,동대문구,
오로라스튜디오,동대문구,
푸우공방,동대문구,
베이크어데이,동대문구,
두찜,동대문구,
이문동 그집,동대문구,
곱창 정비소,동대문구,
글로벌지식협력단지편의시설,동대문구,
응답하라,동대문구,
신원식당,동대문구,
랭스터디카페,동대문구,
영업중 컴퍼니,동대문구,
환상후계점,동대문구,
고대골목집,동대문구,
마을활력소회기한지붕,동대문구,
벌교집구이랑찌개랑,동대문구,
긱스타,동대문구,
이천농장정육식당,동대문구,
한수담한식,동대문구,
뚜레쥬르,동대문구,
와플대학 장안캠퍼스,동대문구,
맛있는 딜리버리,동대문구,
다락방 사주카페,동대문구,
카페희제,동대문구,
돼지엄마네,동대문구,
행운다방,동대문구,
에스와이푸드(SY Food),동대문구,
다빼드림,동대문구,
헤너스 까페,동대문구,
경동,동대문구,
전주밥상,동대문구,
움찬,동대문구,
퍼니걸스,동대문구,
청운관,동대문구,
육회랑 연어랑,동대문구,
쓰리에스,동대문구,
동네오빠,동대문구,
라이더스렌트,동대문구,
가나점보돈까스,동대문구,
브리즈,동대문구,
천심,동대문구,
어치브먼트(ACH!EVEMENT),동대문구,
MJ24불가마스파랜드,동대문구,
일구구삼:고기,동대문구,
수미찬,동대문구,
소담찬,동대문구,
청량리 인생곱창,동대문구,
사라다방,동대문구,
스터디나우,동대문구,
아리아스,동대문구,
삼시세끼,동대문구,
장금이푸드천국,동대문구,
오레노카츠,동대문구,
향미미,동대문구,
고무래,동대문구,
삼사오삼(345-3),동대문구,
포기(foggy),동대문구,
행복담소,동대문구,
비전식당,동대문구,
백가짼빙궈즈전문점,동대문구,
카페1579,동대문구,
조은아보카도,동대문구,
메리골드푸드,동대문구,
보스턴 샐러드 하우스,동대문구,
전농동 용커피,동대문구,
휘경아뜰리에,동대문구,
더벙커,동대문구,
김보경외식연구소,동대문구,
되지,동대문구,
고봉치킨,동대문구,
카페비비씨(CAFEBBC),동대문구,
청춘족발&보쌈,동대문구,
프라임유통,동대문구,
티알푸드(TR FOOD),동대문구,
귀한족발,동대문구,
하이즈야코리아,동대문구,
짱닭,동대문구,
꽁치네포차,동대문구,
분위기좋은식,동대문구,
이면,동대문구,
봉차우,동대문구,
이령김밥,동대문구,
오니식당,동대문구,
싸왓디타이,동대문구,
나주곰탕나주전,동대문구,
카페오아시아,동대문구,
사까야,동대문구,
분식상회,동대문구,
신훠궈뷔페,동대문구,
아임파인,동대문구,
미플보드게임,동대문구,
쩡이네,동대문구,
푸라닭,동대문구,
삼양커피,동대문구,
복코돼지,동대문구,
우마양대창,동대문구,
볼볼티,동대문구,
온누리농산물,동대문구,
싸다김밥,동대문구,
이삭토스트,동대문구,
커피쉼,동대문구,
우정식당,동대문구,
제이엠푸드,동대문구,
모아키친,동대문구,
행복닭강정,동대문구,
디셈버 투웰브,동대문구,
카페 아트먼트,동대문구,
낭만포차,동대문구,
아지트,동대문구,
문화상점 이문일공칠,동대문구,
주식회사 아임반,동대문구,
딜리버리N딱이야,동대문구,
마녀족발 수도권본부,동대문구,
동네김밥,동대문구,
꽃담찬,동대문구,
오떡순,동대문구,
대명분식,동대문구,
우정식당,동대문구,
주식회사 참쉬운푸드솔루션,동대문구,
에이에스에이피 피자,동대문구,
BK볏짚직화구이,동대문구,
클라인빈,동대문구,
카페몰로(cafemollo),동대문구,
키쿠야,동대문구,
김밥전문점,동대문구,
우주만물상,동대문구,
풍천민물장어,동대문구,
딜리버리K,동대문구,
지에스(GS)25,동대문구,
체인지카페,동대문구,
여우도시락,동대문구,
티엔티푸드 서울보호관찰소,동대문구,
호랑이초밥,동대문구,
월남쌈구이&샤브샤브 소담촌,동대문구,
프레시몬스터,동대문구,
88식당,동대문구,
브로딩,동대문구,
백순오 간장게장,동대문구,
철탑,동대문구,
장안정,동대문구,
제이에스파트너스,동대문구,
죠스김선생,동대문구,
브로스 곱창,동대문구,
속초아바이순대국밥,동대문구,
비책프리미엄 스터디카페,동대문구,
정앤정 JNJ,동대문구,
폴링인풀포켓클럽,동대문구,
혼부라더스,동대문구,
쓰리로보스,동대문구,
롯데마트,동대문구,
백정 스테이크 바,동대문구,
찜닭 대장,동대문구,
소호레스토랑,동대문구,
건배,동대문구,
동방다방,동대문구,
다온,동대문구,
혼밥대첩,동대문구,
오늘도치킨,동대문구,
옛날순대국,동대문구,
버거 플래닛,동대문구,
제육스,동대문구,
웃돌목소머리국밥,동대문구,
오늘칡냉면,동대문구,
권사부순대국,동대문구,
스윙바이 카페(swing by cafe),동대문구,
로덴나무,동대문구,
술한잔해요,동대문구,
오레노카츠,동대문구,
해물명가,동대문구,
통골뱅이2호,동대문구,
동남아(D.N.A),동대문구,
레인보우세븐,동대문구,
뉴 새로나,동대문구,
원두막,동대문구,
커피엔스터디카페,동대문구,
칠천요,동대문구,
레이지클라우드,동대문구,
풀핑&참살이,동대문구,
청산제과,동대문구,
삼시세끼,동대문구,
고기장인,동대문구,
굿커피(GOOD coffee),동대문구,
더 버거,동대문구,
해밀,동대문구,
비엔나 커피&호프,동대문구,
푸드코트,동대문구,
몬스터크로플,동대문구,
전주떡갈비,동대문구,
라온,동대문구,
순민커피,동대문구,
친구집,동대문구,
세라젬웰카페,동대문구,
딜리버리 푸드,동대문구,
최프로의 요리킹,동대문구,
주식회사 후레시팜,동대문구,
바름주방,동대문구,
와썹,동대문구,
메이크어딜리버리,동대문구,
메이크어딜리버리 R&D센터,동대문구,
전주식당,동대문구,
호담,동대문구,
북연,동대문구,
제기동 팥죽,동대문구,
알잘딱깔센,동대문구,
우리집,동대문구,
영푸드,동대문구,
훔친갈비포차,동대문구,
경동도시락,동대문구,
경동한식,동대문구,
해마실식당,동대문구,
히트푸드,동대문구,
바이로하(by Roha),동대문구,
범스떡볶이,동대문구,
순창식당,동대문구,
에디터스카페,동대문구,
에이치커피,동대문구,
엠제이푸드,동대문구,
성남순대,동대문구,
르쁘띠포레,동대문구,
계포동,동대문구,
중한컴퓨터(중국식품),동대문구,
명가옛날통닭,동대문구,
그린푸드,동대문구,
철원식당,동대문구,
훈스 팩토리,동대문구,
배달더쿡,동대문구,
엠에스샵(MS Shop),동대문구,
파랑,동대문구,
아티스(ARTIS by mollo),동대문구,
봉봉키즈,동대문구,
Min's coffee,동대문구,
이웃사촌,동대문구,
돈돼지,동대문구,
감초식당,동대문구,
알로카시아인더테라스,동대문구,
지에스(GS)25,동대문구,
카카오프렌즈 동대문,동대문구,
김바니네,동대문구,
사이에 섬,동대문구,
윤양식,동대문구,
조카집,동대문구,
보길도상회,동대문구,
맛나,동대문구,
휘계밀크티,동대문구,
행복이네,동대문구,
카페바움758,동대문구,
리프패럿 전농,동대문구,
맘스키친,동대문구,
가든쿡&필라프&스테이크,동대문구,
막걸리집,동대문구,
다퍼줘,동대문구,
공간,동대문구,
국수집,동대문구,
카페 이도,동대문구,
예스글로벌,동대문구,
플레이버휠,동대문구,
그린푸드,동대문구,
정원김치,동대문구,
커피크레이브,동대문구,
무지개맥주,동대문구,
푸드스튜디오,동대문구,
주당천국,동대문구,
카페드노보(Cafe denovo),동대문구,
짬뽕각,동대문구,
힐링차,동대문구,
돈치킨,동대문구,
이문동그집,동대문구,
지에스(GS)25,동대문구,
청량역전,동대문구,
탭하트케이크(tapheart cake),동대문구,
5mei,동대문구,
산타나포차,동대문구,
제기_랄(jegi_rar),동대문구,
카페아무르,동대문구,
바이해니,동대문구,
쏘리낫쏘리,동대문구,
퀸스테이크,동대문구,
139 COFFEE,동대문구,
512coffee(512커피),동대문구,
Bean(빈),동대문구,
고롱,동대문구,
공차,동대문구,
과일냠냠,동대문구,
김밥천국(경희대점),동대문구,
날쌘카페,동대문구,
냥냥쩝쩝,동대문구,
달리는커피,동대문구,
댕블리,동대문구,
더 스몰리스트커피(The smallestcoffee),동대문구,
더벤티,동대문구,
더벤티,동대문구,
데이지김밥,동대문구,
도깨비보드카페,동대문구,
둥둥마카롱,동대문구,
디오커피랩,동대문구,
떡군이네떡볶이회기점,동대문구,
라온디저트,동대문구,
롤스커피(ROLLs Coffee),동대문구,
류애비뉴,동대문구,
르시앙블랑,동대문구,
마로니에르,동대문구,
마이미스로즈,동대문구,
맘에힐링,동대문구,
몽 자연치유연구소,동대문구,
미소샌드,동대문구,
밀델리,동대문구,
베이커림,동대문구,
본초마을,동대문구,
볼랫(Bollat),동대문구,
봄날,동대문구,
비건이즈힙(VEGAN IS HIP),동대문구,
샌드위치공방,동대문구,
샐러드박스답십리점,동대문구,
샐러디,동대문구,
샤맛고,동대문구,
선이네분식,동대문구,
솔리드웍스,동대문구,
스위트멍멍,동대문구,
스테프핫도그,동대문구,
슬로우버드(SlowBird),동대문구,
쓰리엑스라지커피장안점,동대문구,
아띠커피,동대문구,
아프(AF),동대문구,
앤티앤스,동대문구,
에딕티경희대,동대문구,
엘리밀리,동대문구,
엘씨씨에스,동대문구,
엠엠티,동대문구,
영우당,동대문구,
오브,동대문구,
요거트아이스크림의정석,동대문구,
우리집밥상,동대문구,
읍천리382장안점,동대문구,
이디야커피,동대문구,
작은동경,동대문구,
장안생활cafe,동대문구,
젤루뚜또,동대문구,
주식회사 떡메가,동대문구,
지니크,동대문구,
청춘김밥&토스트,동대문구,
카페 얀,동대문구,
카페게이트,동대문구,
카페무무,동대문구,
커피베이(COFFEEBAY)신이문점,동대문구,
케키포유,동대문구,
크라상점,동대문구,
크로플각,동대문구,
테이크테이크테이크(taketaketake),동대문구,
투썸플레이스,동대문구,
투썸플레이스,동대문구,
투썸플레이스,동대문구,
퍼스버거,동대문구,
포텐스커피,동대문구,
푸라벨,동대문구,
프렌치크로플,동대문구,
피자애,동대문구,
혜자피자,동대문구,
홍's 쥬스&커피,동대문구,
30년 불멸의 닭발,동대문구,
二李(이리),동대문구,
강릉항,동대문구,
강원슈퍼,동대문구,
거시기,동대문구,
경희맛나곱창,동대문구,
곁들이다,동대문구,
고기극찬,동대문구,
고기호랑이,동대문구,
고돼지,동대문구,
구백냥곱창,동대문구,
국민맥주,동대문구,
국수랑김밥,동대문구,
굽네치킨,동대문구,
굽네치킨(시립대점),동대문구,
그레이드비,동대문구,
김낙천 참치,동대문구,
김여사식당,동대문구,
김치찌개마을,동대문구,
깔깔이친구,동대문구,
꼬치강호,동대문구,
꽃돼지상회,동대문구,
꽃뜨락사이,동대문구,
꽃분이손두부,동대문구,
"나,커피",동대문구,
나나랜드,동대문구,
나은푸드,동대문구,
낙곱새미장원,동대문구,
남원통닭,동대문구,
남이만든샐러드,동대문구,
내맘대로 분식포차,동대문구,
노바디앳홈(Nobody at home),동대문구,
누리식당,동대문구,
늘 통큰 감자탕,동대문구,
늘반한찜,동대문구,
다미,동대문구,
달리는커피,동대문구,
달리자,동대문구,
달빛과일,동대문구,
달포차,동대문구,
대왕,동대문구,
대찬식당,동대문구,
대판장,동대문구,
대한칡냉면,동대문구,
도리생각,동대문구,
도망,동대문구,
도어 투 도어(door to door),동대문구,
돈족,동대문구,
동경통닭,동대문구,
동근이숯불두마리치킨,동대문구,
동진칼국수,동대문구,
두접시,동대문구,
디어마이메이플,동대문구,
딜리버거&샐러드,동대문구,
딜리버리키친,동대문구,
따께리아 라 비다(Taqueria La Vida),동대문구,
떡깨비(고대점),동대문구,
띵크브레인웨이브(THINK BRAIN WAVE),동대문구,
라멘트럭,동대문구,
라빌라동주,동대문구,
레이업(LAYUP),동대문구,
로띠팡양꼬치,동대문구,
루헤(Ruhe),동대문구,
리키드(REKID),동대문구,
리틀하노이(장안점),동대문구,
마녀방앗간,동대문구,
마르크존스피자&오렌지몽키파스타,동대문구,
마장 한우리,동대문구,
맘스터치,동대문구,
먹을래싸갈래,동대문구,
명가갈비찜,동대문구,
명가밥상,동대문구,
명가옛날통닭,동대문구,
명랑찜닭,동대문구,
모던카페,동대문구,
모우리,동대문구,
모코모코,동대문구,
목포홍탁,동대문구,
무모한 초밥,동대문구,
묵치빠,동대문구,
민속주점,동대문구,
민자옥,동대문구,
바른치킨,동대문구,
배봉커피,동대문구,
버거호(BurgerHo),동대문구,
베스트생갈비찜&찜닭,동대문구,
보배곱창,동대문구,
봉수아피자,동대문구,
분짜킴,동대문구,
블랙커피1984,동대문구,
블루노트커피,동대문구,
비비큐,동대문구,
비스트로피자,동대문구,
비틀,동대문구,
빈이푸드,동대문구,
빕스 얌 딜리버리,동대문구,
빽군떡,동대문구,
사소한 차이,동대문구,
샐디치,동대문구,
샤브담,동대문구,
샵테이블(#table),동대문구,
서가에프앤비,동대문구,
서울마님죽,동대문구,
소궁흑염소요리,동대문구,
소담찬,동대문구,
소일,동대문구,
수경이네보리밥,동대문구,
수진궁 한식부페,동대문구,
숙이네,동대문구,
숙이네,동대문구,
술집가,동대문구,
슈퍼내추럴,동대문구,
스미뜨,동대문구,
스시고칸,동대문구,
스시윤,동대문구,
스타드래프트,동대문구,
시골할매 김치찜,동대문구,
시그니처랩,동대문구,
시래푸드식품,동대문구,
신전떡볶이,동대문구,
실내포차,동대문구,
씨롱카페(C-long cafe),동대문구,
씹는곱창 딜리버리,동대문구,
아차산매운떡볶이(회기점),동대문구,
아크디자인 스튜디오,동대문구,
안주당,동대문구,
어빌리티커피,동대문구,
에스더카페,동대문구,
연한담,동대문구,
영덕,동대문구,
영수네고기세상,동대문구,
영숙이순대국,동대문구,
예지면가,동대문구,
옐로베리,동대문구,
오늘밥상,동대문구,
오늘의 찬,동대문구,
오늘통닭1977&쭈제,동대문구,
오르다빛(Ordabit),동대문구,
오빠과수원,동대문구,
오색칼국수,동대문구,
오오(55),동대문구,
오프사이트,동대문구,
옥토키친,동대문구,
온더써드(on the 3rd),동대문구,
와규스타(WAGYUSTAR)답십리점,동대문구,
우리동네,동대문구,
한맛푸드,동대문구,
우리집味,동대문구,
우리통닭,동대문구,
원앤원치아바타&샐러드,동대문구,
원주집,동대문구,
웨이트(WAIT),동대문구,
육덕진,동대문구,
육탐,동대문구,
육회한연어씨,동대문구,
이맛이야(EMASIA),동대문구,
이모네매콤쭈삼이,동대문구,
이문동辛냉면,동대문구,
일단계마라탕,동대문구,
자담치킨,동대문구,
장터푸드,동대문구,
전주식당,동대문구,
정가집,동대문구,
정든닭발,동대문구,
정성소고기국밥,동대문구,
정푸드,동대문구,
정화네 동태국,동대문구,
제나벨라,동대문구,
제니아,동대문구,
제루스,동대문구,
조개까는삼겹살,동대문구,
종구네통닭,동대문구,
좋은초밥,동대문구,
준푸드,동대문구,
지코바,동대문구,
직화구이통삼겹,동대문구,
진미가정식백반,동대문구,
진참치,동대문구,
찰스앤다이애나,동대문구,
채선당샐러드&밀키트24,동대문구,
채육식당,동대문구,
처이처이(chuay chuay),동대문구,
천하푸드,동대문구,
철수네 해산물 먹거리장터,동대문구,
청년레시피,동대문구,
청년한식,동대문구,
청량리블루스,동대문구,
청주식당,동대문구,
춘리마라탕,동대문구,
춘리마라탕,동대문구,
치즈오븐스파게티 치오스(CHEEOS),동대문구,
칠아웃(chill out),동대문구,
카페 드 페소니아,동대문구,
카페 브레멘,동대문구,
카페로니,동대문구,
카페시월,동대문구,
캔하이브,동대문구,
커피30,동대문구,
케이크풀(cakeful),동대문구,
코타(KOTA),동대문구,
콩빠두,동대문구,
타일러(Tyler),동대문구,
탕화쿵푸마라탕,동대문구,
테그42(TEgg42)전농동점,동대문구,
토스트카페마리,동대문구,
토핑빨,동대문구,
티유씨 TUC,동대문구,
퍼사이공,동대문구,
페리카나,동대문구,
포슬리,동대문구,
풀업,동대문구,
풍국면,동대문구,
프랭크버거,동대문구,
프랭크버거,동대문구,
피식,동대문구,
피자스톰,동대문구,
피자쿠치나,동대문구,
하브,동대문구,
하이카오산,동대문구,
한국족발,동대문구,
핫터(Hotter),동대문구,
해물포차,동대문구,
행복한뷔페,동대문구,
헬로우낙곱새,동대문구,
호랑이남매,동대문구,
홀스베이크,동대문구,
홍닭발,동대문구,
화덕피자&파스타,동대문구,
황금닭발,동대문구,
황금어장,동대문구,
회기칼국수,동대문구,
휘경분식,동대문구,
히네니카레,동대문구,
힐링인사이드,동대문구,
가든한공방,동대문구,
강경원베이커리,동대문구,
디어버터(Dear Butter),동대문구,
뚜레쥬르(회기역점),동대문구,
바유(BAYOU),동대문구,
비하인드미,동대문구,
인디펜던트 베이커스,동대문구,
핫브레드,동대문구,
아라마크경희의료원,동대문구,
아라마크연천장학관,동대문구,
행복한식탁,동대문구,
HOTARU(호타루),동대문구,
기석일호,동대문구,
벗이있는집,동대문구,
한중양갈비,동대문구,
대성집,동대문구,
